brand,market,fx_year,concatenate,cbht_report_source,brand_league,source_of_truth,notes,status,added_by,added_at
1664,Bulgaria,2025,1664_Bulgaria_2025,FY24 C-BHT,N/A,Carlsberg Insights Hub,not tracked in C-BHT,,,
1664,Canada,2025,1664_Canada_2025,FY24 C-BHT,Pioneer,Carlsberg Insights Hub,in Beer study,,,
1664,China,2025,1664_China_2025,FY24 C-BHT,Pioneer,Carlsberg Insights Hub,in Beer study,,,
1664,Croatia,2025,1664_Croatia_2025,FY24 C-BHT,Pioneer,Carlsberg Insights Hub,in Beer study,,,
1664,Denmark,2025,1664_Denmark_2025,FY24 C-BHT,Scaler,Carlsberg Insights Hub,in Beer study,,,
1664,Finland,2025,1664_Finland_2025,FY24 C-BHT,Scaler,Carlsberg Insights Hub,in Beer study,,,
1664,France,2025,1664_France_2025,FY24 C-BHT,Pioneer,Carlsberg Insights Hub,in Beer study,,,
1664,Germany,2025,1664_Germany_2025,FY24 C-BHT,Pioneer,Carlsberg Insights Hub,in Beer study,,,
1664,Greece,2025,1664_Greece_2025,FY24 C-BHT,N/A,Carlsberg Insights Hub,not tracked in C-BHT,,,
1664,Hong Kong,2025,1664_Hong Kong_2025,FY24 C-BHT,Pioneer,Carlsberg Insights Hub,,,,
1664,Hungary,2025,1664_Hungary_2025,FY24 C-BHT,N/A,Carlsberg Insights Hub,not tracked in C-BHT,,,
1664,India,2025,1664_India_2025,FY24 C-BHT,Pioneer,Carlsberg Insights Hub,,,,
1664,Italy,2025,1664_Italy_2025,FY24 C-BHT,Pioneer,Carlsberg Insights Hub,,,,
1664,Latvia,2025,1664_Latvia_2025,FY24 C-BHT,N/A,Carlsberg Insights Hub,not tracked in C-BHT,,,
1664,Lithuania,2025,1664_Lithuania_2025,FY24 C-BHT,N/A,Carlsberg Insights Hub,not tracked in C-BHT,,,
1664,Malaysia,2025,1664_Malaysia_2025,FY24 C-BHT,Pioneer,Carlsberg Insights Hub,,,,
1664,Montenegro,2025,1664_Montenegro_2025,FY24 C-BHT,N/A,Carlsberg Insights Hub,not tracked in C-BHT,,,
1664,Norway,2025,1664_Norway_2025,FY24 C-BHT,Scaler,Carlsberg Insights Hub,in Beer study,,,
1664,Poland,2025,1664_Poland_2025,FY24 C-BHT,Pioneer,Carlsberg Insights Hub,,,,
1664,Serbia,2025,1664_Serbia_2025,FY24 C-BHT,Pioneer,Carlsberg Insights Hub,,,,
1664,Singapore,2025,1664_Singapore_2025,FY24 C-BHT,Pioneer,Carlsberg Insights Hub,,,,
1664,South Korea,2025,1664_South Korea_2025,FY24 C-BHT,Pioneer,Carlsberg Insights Hub,,,,
1664,Sweden,2025,1664_Sweden_2025,FY24 C-BHT,Pioneer,Carlsberg Insights Hub,,,,
1664,Switzerland,2025,1664_Switzerland_2025,FY24 C-BHT,Pioneer,Carlsberg Insights Hub,,,,
1664,United Kingdom,2025,1664_United Kingdom_2025,FY24 C-BHT,Pioneer,Carlsberg Insights Hub,,,,
1664,Vietnam,2025,1664_Vietnam_2025,FY24 C-BHT,Pioneer,Carlsberg Insights Hub,,,,
1664,Azerbaijan,2024,1664_Azerbaijan_2024,FY23 C-BHT,N/A,Carlsberg Insights Hub,not tracked in C-BHT,,,
1664,Bulgaria,2024,1664_Bulgaria_2024,FY23 C-BHT,N/A,Carlsberg Insights Hub,not tracked in C-BHT,,,
1664,Cambodia,2024,1664_Cambodia_2024,FY23 C-BHT,Pioneer,Carlsberg Insights Hub,in Beer study,,,
1664,Canada,2024,1664_Canada_2024,FY23 C-BHT,Pioneer,Carlsberg Insights Hub,in Beer study,,,
1664,China,2024,1664_China_2024,FY23 C-BHT,Scaler,Carlsberg Insights Hub,in Beer study,,,
1664,Croatia,2024,1664_Croatia_2024,FY23 C-BHT,Pioneer,Carlsberg Insights Hub,in Beer study,,,
1664,Denmark,2024,1664_Denmark_2024,FY23 C-BHT,Scaler,Carlsberg Insights Hub,in Beer study,,,
1664,Estonia,2024,1664_Estonia_2024,FY23 C-BHT,Pioneer,Carlsberg Insights Hub,in Beer study,,,
1664,Estonia,2025,1664_Estonia_2025,FY24 C-BHT,Pioneer,Carlsberg Insights Hub,in Beer study,,,
1664,Finland,2024,1664_Finland_2024,FY23 C-BHT,Pioneer,Carlsberg Insights Hub,in Beer study,,,
1664,France,2024,1664_France_2024,FY23 C-BHT,Lead,Carlsberg Insights Hub,in Beer study,,,
1664,Germany,2024,1664_Germany_2024,FY23 C-BHT,N/A,Carlsberg Insights Hub,not tracked in C-BHT,,,
1664,Hong Kong,2024,1664_Hong Kong_2024,FY23 C-BHT,Scaler,Carlsberg Insights Hub,in Beer study,,,
1664,Hungary,2024,1664_Hungary_2024,FY23 C-BHT,N/A,Carlsberg Insights Hub,not tracked in C-BHT,,,
1664,Italy,2024,1664_Italy_2024,FY23 C-BHT,Pioneer,Carlsberg Insights Hub,in Beer study,,,
1664,Latvia,2024,1664_Latvia_2024,FY23 C-BHT,Pioneer,Carlsberg Insights Hub,in Beer study,,,
1664,Malaysia,2024,1664_Malaysia_2024,FY23 C-BHT,Pioneer,Carlsberg Insights Hub,in Beer study,,,
1664,Montenegro,2024,1664_Montenegro_2024,FY23 C-BHT,N/A,Carlsberg Insights Hub,not tracked in C-BHT,,,
1664,Norway,2024,1664_Norway_2024,FY23 C-BHT,Scaler,Carlsberg Insights Hub,in Beer study,,,
1664,Poland,2024,1664_Poland_2024,FY23 C-BHT,Pioneer,Carlsberg Insights Hub,in Beer study,,,
1664,Serbia,2024,1664_Serbia_2024,FY23 C-BHT,Pioneer,Carlsberg Insights Hub,in Beer study,,,
1664,Singapore,2024,1664_Singapore_2024,FY23 C-BHT,Pioneer,Carlsberg Insights Hub,in Beer study,,,
1664,South Korea,2024,1664_South Korea_2024,FY23 C-BHT,Pioneer,Carlsberg Insights Hub,in Beer study,,,
1664,Sweden,2024,1664_Sweden_2024,FY23 C-BHT,Pioneer,Carlsberg Insights Hub,in Beer study,,,
1664,Switzerland,2024,1664_Switzerland_2024,FY23 C-BHT,Pioneer,Carlsberg Insights Hub,in Beer study,,,
1664,Ukraine,2024,1664_Ukraine_2024,FY23 C-BHT,Scaler,Carlsberg Insights Hub,in Beer study,,,
1664,United Kingdom,2024,1664_United Kingdom_2024,FY23 C-BHT,Scaler,Carlsberg Insights Hub,in Beer study,,,
1664,Vietnam,2024,1664_Vietnam_2024,FY23 C-BHT,Pioneer,Carlsberg Insights Hub,in Beer study,,,
1664 Blanc,Azerbaijan,2024,1664 Blanc_Azerbaijan_2024,FY23 C-BHT,N/A,Carlsberg Insights Hub,not tracked in C-BHT,,,
1664 Blanc,Azerbaijan,2025,1664 Blanc_Azerbaijan_2025,FY24 C-BHT,Pioneer,Carlsberg Insights Hub,in Beer study,,,
1664 Blanc,Bulgaria,2024,1664 Blanc_Bulgaria_2024,FY23 C-BHT,N/A,Carlsberg Insights Hub,not tracked in C-BHT,,,
1664 Blanc,Bulgaria,2025,1664 Blanc_Bulgaria_2025,FY24 C-BHT,Pioneer,Carlsberg Insights Hub,in Beer study,,,
1664 Blanc,Cambodia,2024,1664 Blanc_Cambodia_2024,FY23 C-BHT,Pioneer,Carlsberg Insights Hub,in Beer study,,,
1664 Blanc,Cambodia,2025,1664 Blanc_Cambodia_2025,FY24 C-BHT,Pioneer,Carlsberg Insights Hub,in Beer study,,,
1664 Blanc,Canada,2024,1664 Blanc_Canada_2024,FY23 C-BHT,Pioneer,Carlsberg Insights Hub,in Beer study,,,
1664 Blanc,Canada,2025,1664 Blanc_Canada_2025,FY24 C-BHT,Pioneer,Carlsberg Insights Hub,in Beer study,,,
1664 Blanc,China,2023,1664 Blanc_China_2023,FY23 C-BHT,Scaler,Carlsberg Insights Hub,for Q4 only; in Beer study,,,
1664 Blanc,China,2024,1664 Blanc_China_2024,FY23 C-BHT,Scaler,Carlsberg Insights Hub,in Beer study,,,
1664 Blanc,China,2025,1664 Blanc_China_2025,FY24 C-BHT,Pioneer,Carlsberg Insights Hub,In China FY24 study,,,
1664 Blanc,Croatia,2024,1664 Blanc_Croatia_2024,FY23 C-BHT,Pioneer,Carlsberg Insights Hub,in Beer study,,,
1664 Blanc,Croatia,2025,1664 Blanc_Croatia_2025,FY24 C-BHT,Pioneer,Carlsberg Insights Hub,in Beer study,,,
1664 Blanc,Denmark,2024,1664 Blanc_Denmark_2024,FY23 C-BHT,Scaler,Carlsberg Insights Hub,in Beer study,,,
1664 Blanc,Denmark,2025,1664 Blanc_Denmark_2025,FY24 C-BHT,Scaler,Carlsberg Insights Hub,in Beer study,,,
1664 Blanc,Estonia,2024,1664 Blanc_Estonia_2024,FY23 C-BHT,Pioneer,Carlsberg Insights Hub,in Beer study,,,
1664 Blanc,Estonia,2025,1664 Blanc_Estonia_2025,FY24 C-BHT,Pioneer,Carlsberg Insights Hub,in Beer study,,,
1664 Blanc,Finland,2024,1664 Blanc_Finland_2024,FY23 C-BHT,Pioneer,Carlsberg Insights Hub,in Beer study,,,
1664 Blanc,Finland,2025,1664 Blanc_Finland_2025,FY24 C-BHT,Pioneer,Carlsberg Insights Hub,in Beer study,,,
1664 Blanc,France,2024,1664 Blanc_France_2024,FY23 C-BHT,Lead,Carlsberg Insights Hub,in Beer study,,,
1664 Blanc,France,2025,1664 Blanc_France_2025,FY24 C-BHT,Pioneer,Carlsberg Insights Hub,in Beer study,,,
1664 Blanc,Germany,2024,1664 Blanc_Germany_2024,FY23 C-BHT,N/A,Carlsberg Insights Hub,not tracked in C-BHT,,,
1664 Blanc,Germany,2025,1664 Blanc_Germany_2025,FY24 C-BHT,Pioneer,Carlsberg Insights Hub,in Beer study,,,
1664 Blanc,Greece,2024,1664 Blanc_Greece_2024,FY23 C-BHT,N/A,Carlsberg Insights Hub,not tracked in C-BHT,,,
1664 Blanc,Greece,2025,1664 Blanc_Greece_2025,FY24 C-BHT,N/A,Carlsberg Insights Hub,not tracked in C-BHT,,,
1664 Blanc,Hong Kong,2024,1664 Blanc_Hong Kong_2024,FY23 C-BHT,Scaler,Carlsberg Insights Hub,in Beer study,,,
1664 Blanc,Hong Kong,2025,1664 Blanc_Hong Kong_2025,FY24 C-BHT,Pioneer,Carlsberg Insights Hub,in Beer study,,,
1664 Blanc,Hungary,2024,1664 Blanc_Hungary_2024,FY23 C-BHT,N/A,Carlsberg Insights Hub,not tracked in C-BHT,,,
1664 Blanc,Hungary,2025,1664 Blanc_Hungary_2025,FY24 C-BHT,N/A,Carlsberg Insights Hub,not tracked in C-BHT,,,
1664 Blanc,India,2024,1664 Blanc_India_2024,FY23 C-BHT,Pioneer,Carlsberg Insights Hub,,,,
1664 Blanc,India,2025,1664 Blanc_India_2025,FY24 C-BHT,Pioneer,Carlsberg Insights Hub,,,,
1664 Blanc,Italy,2024,1664 Blanc_Italy_2024,FY23 C-BHT,Pioneer,Carlsberg Insights Hub,in Beer study,,,
1664 Blanc,Italy,2025,1664 Blanc_Italy_2025,FY24 C-BHT,Pioneer,Carlsberg Insights Hub,in Beer study,,,
1664 Blanc,Latvia,2024,1664 Blanc_Latvia_2024,FY23 C-BHT,Pioneer,Carlsberg Insights Hub,in Beer study,,,
1664 Blanc,Latvia,2025,1664 Blanc_Latvia_2025,FY24 C-BHT,Pioneer,Carlsberg Insights Hub,in Beer study,,,
1664 Blanc,Lithuania,2024,1664 Blanc_Lithuania_2024,FY23 C-BHT,N/A,Carlsberg Insights Hub,not tracked in C-BHT,,,
1664 Blanc,Lithuania,2025,1664 Blanc_Lithuania_2025,FY24 C-BHT,N/A,Carlsberg Insights Hub,not tracked in C-BHT,,,
1664 Blanc,Malaysia,2024,1664 Blanc_Malaysia_2024,FY23 C-BHT,Pioneer,Carlsberg Insights Hub,in Beer study,,,
1664 Blanc,Malaysia,2025,1664 Blanc_Malaysia_2025,FY24 C-BHT,Pioneer,Carlsberg Insights Hub,in Beer study,,,
1664 Blanc,Montenegro,2024,1664 Blanc_Montenegro_2024,FY23 C-BHT,N/A,Carlsberg Insights Hub,not tracked in C-BHT,,,
1664 Blanc,Montenegro,2025,1664 Blanc_Montenegro_2025,FY24 C-BHT,N/A,Carlsberg Insights Hub,not tracked in C-BHT,,,
1664 Blanc,Norway,2024,1664 Blanc_Norway_2024,FY23 C-BHT,Scaler,Carlsberg Insights Hub,,,,
1664 Blanc,Norway,2025,1664 Blanc_Norway_2025,FY24 C-BHT,Scaler,Carlsberg Insights Hub,in Beer study,,,
1664 Blanc,Poland,2024,1664 Blanc_Poland_2024,FY23 C-BHT,Pioneer,Carlsberg Insights Hub,in Beer study,,,
1664 Blanc,Poland,2025,1664 Blanc_Poland_2025,FY24 C-BHT,Pioneer,Carlsberg Insights Hub,In Poland FY24 study,,,
1664 Blanc,Serbia,2024,1664 Blanc_Serbia_2024,FY23 C-BHT,Pioneer,Carlsberg Insights Hub,in Beer study,,,
1664 Blanc,Serbia,2025,1664 Blanc_Serbia_2025,FY24 C-BHT,Pioneer,Carlsberg Insights Hub,in Beer study,,,
1664 Blanc,Singapore,2024,1664 Blanc_Singapore_2024,FY23 C-BHT,Pioneer,Carlsberg Insights Hub,in Beer study,,,
1664 Blanc,Singapore,2025,1664 Blanc_Singapore_2025,FY24 C-BHT,Pioneer,Carlsberg Insights Hub,in Beer study,,,
1664 Blanc,South Korea,2024,1664 Blanc_South Korea_2024,FY23 C-BHT,Pioneer,Carlsberg Insights Hub,in Beer study,,,
1664 Blanc,South Korea,2025,1664 Blanc_South Korea_2025,FY24 C-BHT,Pioneer,Carlsberg Insights Hub,in Beer study,,,
1664 Blanc,Sweden,2024,1664 Blanc_Sweden_2024,FY23 C-BHT,Pioneer,Carlsberg Insights Hub,in Beer study,,,
1664 Blanc,Sweden,2025,1664 Blanc_Sweden_2025,FY24 C-BHT,Pioneer,Carlsberg Insights Hub,in Beer study,,,
1664 Blanc,Switzerland,2024,1664 Blanc_Switzerland_2024,FY23 C-BHT,Pioneer,Carlsberg Insights Hub,in Beer study,,,
1664 Blanc,Switzerland,2025,1664 Blanc_Switzerland_2025,FY24 C-BHT,Pioneer,Carlsberg Insights Hub,in Beer study,,,
1664 Blanc,Ukraine,2024,1664 Blanc_Ukraine_2024,FY23 C-BHT,Scaler,Carlsberg Insights Hub,in Beer study,,,
1664 Blanc,Ukraine,2025,1664 Blanc_Ukraine_2025,FY24 C-BHT,Scaler,Carlsberg Insights Hub,in Market Study,,,
1664 Blanc,United Kingdom,2024,1664 Blanc_United Kingdom_2024,FY23 C-BHT,Scaler,Carlsberg Insights Hub,in Beer study,,,
1664 Blanc,United Kingdom,2025,1664 Blanc_United Kingdom_2025,FY24 C-BHT,Pioneer,Carlsberg Insights Hub,in Beer study,,,
1664 Blanc,Vietnam,2024,1664 Blanc_Vietnam_2024,FY23 C-BHT,Pioneer,Carlsberg Insights Hub,in Beer study,,,
1664 Blanc,Vietnam,2025,1664 Blanc_Vietnam_2025,FY24 C-BHT,Pioneer,Carlsberg Insights Hub,in Beer study,,,
1664 Other,China,2024,1664 Other_China_2024,FY23 C-BHT,Scaler,Carlsberg Insights Hub,in Beer study,,,
1664 Other,China,2025,1664 Other_China_2025,FY24 C-BHT,Pioneer,Carlsberg Insights Hub,in Beer study,,,
1664 Other,Denmark,2025,1664 Other_Denmark_2025,FY24 C-BHT,Scaler,Carlsberg Insights Hub,in Beer study,,,
1664 Other,Estonia,2024,1664 Other_Estonia_2024,FY23 C-BHT,Pioneer,Carlsberg Insights Hub,in Beer study,,,
1664 Other,Finland,2024,1664 Other_Finland_2024,FY23 C-BHT,Pioneer,Carlsberg Insights Hub,in Beer study,,,
1664 Other,France,2024,1664 Other_France_2024,FY23 C-BHT,Lead,Carlsberg Insights Hub,in Beer study,,,
1664 Other,France,2025,1664 Other_France_2025,FY24 C-BHT,Pioneer,Carlsberg Insights Hub,in Beer study,,,
1664 Other,Hong Kong,2024,1664 Other_Hong Kong_2024,FY23 C-BHT,Scaler,Carlsberg Insights Hub,in Beer study,,,
1664 Other,Hong Kong,2025,1664 Other_Hong Kong_2025,FY24 C-BHT,Pioneer,Carlsberg Insights Hub,in Beer study,,,
1664 Other,Hungary,2025,1664 Other_Hungary_2025,FY24 C-BHT,N/A,Carlsberg Insights Hub,not tracked in C-BHT,,,
1664 Other,India,2025,1664 Other_India_2025,FY24 C-BHT,N/A,Carlsberg Insights Hub,not tracked in C-BHT,,,
1664 Other,Latvia,2024,1664 Other_Latvia_2024,FY23 C-BHT,Pioneer,Carlsberg Insights Hub,in Beer study,,,
1664 Other,Lithuania,2025,1664 Other_Lithuania_2025,FY24 C-BHT,N/A,Carlsberg Insights Hub,not tracked in C-BHT,,,
1664 Other,Malaysia,2024,1664 Other_Malaysia_2024,FY23 C-BHT,Pioneer,Carlsberg Insights Hub,in Beer study,,,
1664 Other,Malaysia,2025,1664 Other_Malaysia_2025,FY24 C-BHT,Pioneer,Carlsberg Insights Hub,in Beer study,,,
1664 Other,Norway,2024,1664 Other_Norway_2024,FY23 C-BHT,Scaler,Carlsberg Insights Hub,in Beer study,,,
1664 Other,Norway,2025,1664 Other_Norway_2025,FY24 C-BHT,Scaler,Carlsberg Insights Hub,in Beer study,,,
1664 Other,Singapore,2024,1664 Other_Singapore_2024,FY23 C-BHT,Pioneer,Carlsberg Insights Hub,in Beer study,,,
1664 Other,Singapore,2025,1664 Other_Singapore_2025,FY24 C-BHT,Pioneer,Carlsberg Insights Hub,in Beer study,,,
1664 Other,South Korea,2024,1664 Other_South Korea_2024,FY23 C-BHT,Pioneer,Carlsberg Insights Hub,in Beer study,,,
1664 Other,Ukraine,2024,1664 Other_Ukraine_2024,FY23 C-BHT,Scaler,Carlsberg Insights Hub,in Beer study,,,
1664 Other,Ukraine,2025,1664 Other_Ukraine_2025,FY24 C-BHT,Scaler,Carlsberg Insights Hub,in Market Study,,,
1664 Other,United Kingdom,2024,1664 Other_United Kingdom_2024,FY23 C-BHT,Scaler,Carlsberg Insights Hub,in Beer study,,,
1664 Other,United Kingdom,2025,1664 Other_United Kingdom_2025,FY24 C-BHT,Pioneer,Carlsberg Insights Hub,in Beer study,,,
Aldaris,Cambodia,2025,Aldaris_Cambodia_2025,FY24 C-BHT,N/A,Carlsberg Insights Hub,not tracked in C-BHT,,,
Aldaris,Latvia,2024,Aldaris_Latvia_2024,FY23 C-BHT,Lead,Carlsberg Insights Hub,in Beer study,,,
Aldaris,Latvia,2025,Aldaris_Latvia_2025,FY24 C-BHT,Lead,Carlsberg Insights Hub,in Beer study,,,
Angkor,Cambodia,2024,Angkor_Cambodia_2024,FY23 C-BHT,Lead,Carlsberg Insights Hub,in Beer study,,,
Angkor,Cambodia,2025,Angkor_Cambodia_2025,FY24 C-BHT,Scaler,Carlsberg Insights Hub,in Market Study,,,
Apotekarnes,Sweden,2024,Apotekarnes_Sweden_2024,FY23 C-BHT,Scaler,Carlsberg Insights Hub,in CSD study,,,
Apotekarnes,Sweden,2025,Apotekarnes_Sweden_2025,FY24 C-BHT,Scaler,Carlsberg Insights Hub,in CSD study,,,
Arsenal,Ukraine,2025,Arsenal_Ukraine_2025,FY24 C-BHT,N/A,Carlsberg Insights Hub,not tracked in C-BHT,,,
Astra,Germany,2024,Astra_Germany_2024,FY23 C-BHT,Scaler,Carlsberg Insights Hub,in Beer study,,,
Astra,Germany,2025,Astra_Germany_2025,FY24 C-BHT,Scaler,Carlsberg Insights Hub,in Beer study,,,
Bacardi,Denmark,2024,Bacardi_Denmark_2024,FY23 C-BHT,N/A,Carlsberg Insights Hub,not tracked in C-BHT,,,
Bacardi,Denmark,2025,Bacardi_Denmark_2025,FY24 C-BHT,Scaler,Carlsberg Insights Hub,,,,
Bacardi,Finland,2024,Bacardi_Finland_2024,FY23 C-BHT,N/A,Carlsberg Insights Hub,not tracked in C-BHT,,,
Bacardi,Finland,2025,Bacardi_Finland_2025,FY24 C-BHT,N/A,Carlsberg Insights Hub,not tracked in C-BHT,,,
Bacardi,Norway,2024,Bacardi_Norway_2024,FY23 C-BHT,N/A,Carlsberg Insights Hub,not tracked in C-BHT,,,
Bacardi,Norway,2025,Bacardi_Norway_2025,FY24 C-BHT,N/A,Carlsberg Insights Hub,not tracked in C-BHT,,,
Bacardi Breezer,Finland,2025,Bacardi Breezer_Finland_2025,FY24 C-BHT,Scaler,Carlsberg Insights Hub,In Long Drinks Study,,,
Bacardi Breezer,Sweden,2025,Bacardi Breezer_Sweden_2025,FY24 C-BHT,Lead,Carlsberg Insights Hub,In RTD study,,,
Backyard Brew,Sweden,2024,Backyard Brew_Sweden_2024,FY23 C-BHT,N/A,Carlsberg Insights Hub,not tracked in C-BHT,,,
Backyard Brew,Sweden,2025,Backyard Brew_Sweden_2025,FY24 C-BHT,N/A,Carlsberg Insights Hub,not tracked in C-BHT,,,
Backyard Brewery,Sweden,2024,Backyard Brewery_Sweden_2024,FY23 C-BHT,N/A,Carlsberg Insights Hub,not tracked in C-BHT,,,
Backyard Brewery,Sweden,2025,Backyard Brewery_Sweden_2025,FY24 C-BHT,N/A,Carlsberg Insights Hub,not tracked in C-BHT,,,
Battery,Estonia,2024,Battery_Estonia_2024,FY23 C-BHT,N/A,Carlsberg Insights Hub,not tracked in C-BHT,,,
Battery,Estonia,2025,Battery_Estonia_2025,FY24 C-BHT,N/A,Carlsberg Insights Hub,not tracked in C-BHT,,,
Battery,Finland,2024,Battery_Finland_2024,FY23 C-BHT,N/A,Carlsberg Insights Hub,not tracked in C-BHT,,,
Battery,Finland,2025,Battery_Finland_2025,FY24 C-BHT,Lead,Carlsberg Insights Hub,In Energy Drinks Study,,,
Battery,Latvia,2024,Battery_Latvia_2024,FY23 C-BHT,N/A,Carlsberg Insights Hub,not tracked in C-BHT,,,
Battery,Latvia,2025,Battery_Latvia_2025,FY24 C-BHT,N/A,Carlsberg Insights Hub,not tracked in C-BHT,,,
Battery,Lithuania,2024,Battery_Lithuania_2024,FY23 C-BHT,N/A,Carlsberg Insights Hub,not tracked in C-BHT,,,
Battery,Lithuania,2025,Battery_Lithuania_2025,FY24 C-BHT,N/A,Carlsberg Insights Hub,not tracked in C-BHT,,,
Battery,Norway,2024,Battery_Norway_2024,FY23 C-BHT,N/A,Carlsberg Insights Hub,not tracked in C-BHT,,,
Battery,Norway,2025,Battery_Norway_2025,FY24 C-BHT,N/A,Carlsberg Insights Hub,not tracked in C-BHT,,,
Battery,Ukraine,2024,Battery_Ukraine_2024,FY23 C-BHT,N/A,Carlsberg Insights Hub,not tracked in C-BHT,,,
Battery,Ukraine,2025,Battery_Ukraine_2025,FY24 C-BHT,N/A,Carlsberg Insights Hub,not tracked in C-BHT,,,
Bellman,Sweden,2025,Bellman_Sweden_2025,FY24 C-BHT,N/A,Carlsberg Insights Hub,not tracked in C-BHT,,,
Bilz ,Switzerland,2025,Bilz _Switzerland_2025,FY24 C-BHT,Pioneer,Carlsberg Insights Hub,in Beer study,,,
Bilz Stellare,Switzerland,2024,Bilz Stellare_Switzerland_2024,FY23 C-BHT,Pioneer,Carlsberg Insights Hub,in Beer study,,,
Bilz Stellare,Switzerland,2025,Bilz Stellare_Switzerland_2025,FY24 C-BHT,Pioneer,Carlsberg Insights Hub,in Beer study,,,
Birrificio Angelo Poretti,Italy,2024,Birrificio Angelo Poretti_Italy_2024,FY23 C-BHT,Scaler,Carlsberg Insights Hub,in Beer study,,,
Birrificio Angelo Poretti,Italy,2025,Birrificio Angelo Poretti_Italy_2025,FY24 C-BHT,Scaler,Carlsberg Insights Hub,in Beer study,,,
Birrificio Angelo Poretti,Sweden,2024,Birrificio Angelo Poretti_Sweden_2024,FY23 C-BHT,N/A,Carlsberg Insights Hub,not tracked in C-BHT,,,
Birrificio Angelo Poretti,Sweden,2025,Birrificio Angelo Poretti_Sweden_2025,FY24 C-BHT,N/A,Carlsberg Insights Hub,not tracked in C-BHT,,,
Birrificio Angelo Poretti,United Kingdom,2024,Birrificio Angelo Poretti_United Kingdom_2024,FY23 C-BHT,Scaler,Carlsberg Insights Hub,in Beer study,,,
Birrificio Angelo Poretti,United Kingdom,2025,Birrificio Angelo Poretti_United Kingdom_2025,FY24 C-BHT,Pioneer,Carlsberg Insights Hub,in Beer study,,,
Black Panther,Cambodia,2024,Black Panther_Cambodia_2024,FY23 C-BHT,Scaler,Carlsberg Insights Hub,in Beer study,,,
Black Panther,Cambodia,2025,Black Panther_Cambodia_2025,FY24 C-BHT,Scaler,Carlsberg Insights Hub,in Market Study,,,
Bombay,Denmark,2024,Bombay_Denmark_2024,FY23 C-BHT,N/A,Carlsberg Insights Hub,not tracked in C-BHT,,,
Bombay,Denmark,2025,Bombay_Denmark_2025,FY24 C-BHT,N/A,Carlsberg Insights Hub,not tracked in C-BHT,,,
Bosman,Poland,2024,Bosman_Poland_2024,FY23 C-BHT,N/A,Carlsberg Insights Hub,not tracked in C-BHT,,,
Bosman,Poland,2025,Bosman_Poland_2025,FY24 C-BHT,N/A,Carlsberg Insights Hub,not tracked in C-BHT,,,
Breezer,Denmark,2024,Breezer_Denmark_2024,FY23 C-BHT,N/A,Carlsberg Insights Hub,not tracked in C-BHT,,,
Breezer,Denmark,2025,Breezer_Denmark_2025,FY24 C-BHT,Scaler,Carlsberg Insights Hub,,,,
Breezer,Finland,2024,Breezer_Finland_2024,FY23 C-BHT,N/A,Carlsberg Insights Hub,not tracked in C-BHT,,,
Breezer,Finland,2025,Breezer_Finland_2025,FY24 C-BHT,N/A,Carlsberg Insights Hub,not tracked in C-BHT,,,
Breezer,Norway,2024,Breezer_Norway_2024,FY23 C-BHT,N/A,Carlsberg Insights Hub,not tracked in C-BHT,,,
Breezer,Norway,2025,Breezer_Norway_2025,FY23 C-BHT,N/A,Carlsberg Insights Hub,not tracked in C-BHT,,,
Brooklyn Brewery,Denmark,2024,Brooklyn Brewery_Denmark_2024,FY23 C-BHT,Pioneer,Carlsberg Insights Hub,in Beer study,,,
Brooklyn Brewery,Denmark,2025,Brooklyn Brewery_Denmark_2025,FY24 C-BHT,Pioneer,Carlsberg Insights Hub,in Beer study,,,
Brooklyn Brewery,Finland,2024,Brooklyn Brewery_Finland_2024,FY23 C-BHT,Pioneer,Carlsberg Insights Hub,in Beer study,,,
Brooklyn Brewery,Finland,2025,Brooklyn Brewery_Finland_2025,FY24 C-BHT,Pioneer,Carlsberg Insights Hub,,,,
Brooklyn Brewery,France,2024,Brooklyn Brewery_France_2024,FY23 C-BHT,Pioneer,Carlsberg Insights Hub,in Beer study,,,
Brooklyn Brewery,France,2025,Brooklyn Brewery_France_2025,FY24 C-BHT,Pioneer,Carlsberg Insights Hub,in Beer study,,,
Brooklyn Brewery,Italy,2024,Brooklyn Brewery_Italy_2024,FY23 C-BHT,Pioneer,Carlsberg Insights Hub,in Beer study,,,
Brooklyn Brewery,Italy,2025,Brooklyn Brewery_Italy_2025,FY24 C-BHT,Pioneer,Carlsberg Insights Hub,in Beer study,,,
Brooklyn Brewery,Norway,2024,Brooklyn Brewery_Norway_2024,FY23 C-BHT,Pioneer,Carlsberg Insights Hub,in Beer study,,,
Brooklyn Brewery,Norway,2025,Brooklyn Brewery_Norway_2025,FY24 C-BHT,Pioneer,Carlsberg Insights Hub,in Beer study,,,
Brooklyn Brewery,Poland,2024,Brooklyn Brewery_Poland_2024,FY23 C-BHT,Pioneer,Carlsberg Insights Hub,in Beer study,,,
Brooklyn Brewery,Poland,2025,Brooklyn Brewery_Poland_2025,FY24 C-BHT,Pioneer,Carlsberg Insights Hub,in Beer study,,,
Brooklyn Brewery,Sweden,2024,Brooklyn Brewery_Sweden_2024,FY23 C-BHT,Scaler,Carlsberg Insights Hub,in Beer study,,,
Brooklyn Brewery,Sweden,2025,Brooklyn Brewery_Sweden_2025,FY24 C-BHT,N/A,Carlsberg Insights Hub,not tracked in C-BHT,,,
Brooklyn Brewery,Switzerland,2024,Brooklyn Brewery_Switzerland_2024,FY23 C-BHT,Pioneer,Carlsberg Insights Hub,in Beer study,,,
Brooklyn Brewery,Switzerland,2025,Brooklyn Brewery_Switzerland_2025,FY24 C-BHT,Pioneer,Carlsberg Insights Hub,in Beer study,,,
Brooklyn Brewery,United Kingdom,2024,Brooklyn Brewery_United Kingdom_2024,FY23 C-BHT,Pioneer,Carlsberg Insights Hub,in Beer study,,,
Brooklyn Brewery,United Kingdom,2025,Brooklyn Brewery_United Kingdom_2025,FY24 C-BHT,Pioneer,Carlsberg Insights Hub,in Beer study,,,
CAMA,Malaysia,2024,CAMA_Malaysia_2024,FY23 C-BHT,N/A,Carlsberg Insights Hub,not tracked in C-BHT,,,
CAMA,Malaysia,2025,CAMA_Malaysia_2025,FY24 C-BHT,N/A,Carlsberg Insights Hub,not tracked in C-BHT,,,
Cardinal,Switzerland,2024,Cardinal_Switzerland_2024,FY23 C-BHT,Scaler,Carlsberg Insights Hub,in Beer study,,,
Cardinal,Switzerland,2025,Cardinal_Switzerland_2025,FY24 C-BHT,Scaler,Carlsberg Insights Hub,in Beer study,,,
Carlsberg,Albania,2024,Carlsberg_Albania_2024,FY23 C-BHT,N/A,Carlsberg Insights Hub,not tracked in C-BHT,,,
Carlsberg,Albania,2025,Carlsberg_Albania_2025,FY24 C-BHT,N/A,Carlsberg Insights Hub,not tracked in C-BHT,,,
Carlsberg,Azerbaijan,2024,Carlsberg_Azerbaijan_2024,FY23 C-BHT,Pioneer,Carlsberg Insights Hub,in Beer study,,,
Carlsberg,Azerbaijan,2025,Carlsberg_Azerbaijan_2025,FY24 C-BHT,Pioneer,Carlsberg Insights Hub,,,,
Carlsberg,Belgium,2024,Carlsberg_Belgium_2024,FY23 C-BHT,Scaler,Carlsberg Insights Hub,in Beer study,,,
Carlsberg,Belgium,2025,Carlsberg_Belgium_2025,FY24 C-BHT,Scaler,Carlsberg Insights Hub,,,,
Carlsberg,Bulgaria,2024,Carlsberg_Bulgaria_2024,FY23 C-BHT,Pioneer,Carlsberg Insights Hub,in Beer study,,,
Carlsberg,Bulgaria,2025,Carlsberg_Bulgaria_2025,FY24 C-BHT,Pioneer,Carlsberg Insights Hub,in Beer study,,,
Carlsberg,Cambodia,2024,Carlsberg_Cambodia_2024,FY23 C-BHT,Pioneer,Carlsberg Insights Hub,in Beer study,,,
Carlsberg,Cambodia,2025,Carlsberg_Cambodia_2025,FY24 C-BHT,Pioneer,Carlsberg Insights Hub,in Beer study,,,
Carlsberg,Canada,2024,Carlsberg_Canada_2024,FY23 C-BHT,Pioneer,Carlsberg Insights Hub,in Beer study,,,
Carlsberg,Canada,2025,Carlsberg_Canada_2025,FY24 C-BHT,Pioneer,Carlsberg Insights Hub,in Beer study,,,
Carlsberg,China,2023,Carlsberg_China_2023,FY23 C-BHT,Scaler,Carlsberg Insights Hub,for Q4 only; in Beer study,,,
Carlsberg,China,2024,Carlsberg_China_2024,FY23 C-BHT,Scaler,Carlsberg Insights Hub,in Beer study,,,
Carlsberg,China,2025,Carlsberg_China_2025,FY24 C-BHT,Scaler,Carlsberg Insights Hub,In China FY24 study,,,
Carlsberg,Croatia,2024,Carlsberg_Croatia_2024,FY23 C-BHT,Pioneer,Carlsberg Insights Hub,in Beer study,,,
Carlsberg,Croatia,2025,Carlsberg_Croatia_2025,FY24 C-BHT,Pioneer,Carlsberg Insights Hub,in Beer study,,,
Carlsberg,Denmark,2024,Carlsberg_Denmark_2024,FY23 C-BHT,Lead,Carlsberg Insights Hub,in Beer study,,,
Carlsberg,Denmark,2025,Carlsberg_Denmark_2025,FY24 C-BHT,Lead,Carlsberg Insights Hub,in Beer study,,,
Carlsberg,Egypt,2024,Carlsberg_Egypt_2024,FY23 C-BHT,N/A,Carlsberg Insights Hub,not tracked in C-BHT,,,
Carlsberg,Egypt,2025,Carlsberg_Egypt_2025,FY24 C-BHT,N/A,Carlsberg Insights Hub,not tracked in C-BHT,,,
Carlsberg,Estonia,2024,Carlsberg_Estonia_2024,FY23 C-BHT,Scaler,Carlsberg Insights Hub,in Beer study,,,
Carlsberg,Estonia,2025,Carlsberg_Estonia_2025,FY24 C-BHT,Scaler,Carlsberg Insights Hub,in Beer study,,,
Carlsberg,Finland,2025,Carlsberg_Finland_2025,FY24 C-BHT,Scaler,Carlsberg Insights Hub,in Beer study,,,
Carlsberg,France,2024,Carlsberg_France_2024,FY23 C-BHT,Pioneer,Carlsberg Insights Hub,in Beer study,,,
Carlsberg,France,2025,Carlsberg_France_2025,FY24 C-BHT,Pioneer,Carlsberg Insights Hub,in Beer study,,,
Carlsberg,Germany,2024,Carlsberg_Germany_2024,FY23 C-BHT,Scaler,Carlsberg Insights Hub,in Beer study,,,
Carlsberg,Germany,2025,Carlsberg_Germany_2025,FY24 C-BHT,Scaler,Carlsberg Insights Hub,in Beer study,,,
Carlsberg,Greece,2024,Carlsberg_Greece_2024,FY23 C-BHT,Pioneer,Carlsberg Insights Hub,in Beer study,,,
Carlsberg,Greece,2025,Carlsberg_Greece_2025,FY24 C-BHT,Pioneer,Carlsberg Insights Hub,in Beer study,,,
Carlsberg,Hong Kong,2024,Carlsberg_Hong Kong_2024,FY23 C-BHT,Lead,Carlsberg Insights Hub,in Beer study,,,
Carlsberg,Hong Kong,2025,Carlsberg_Hong Kong_2025,FY24 C-BHT,Lead,Carlsberg Insights Hub,in Beer study,,,
Carlsberg,Hungary,2024,Carlsberg_Hungary_2024,FY23 C-BHT,N/A,Carlsberg Insights Hub,not tracked in C-BHT,,,
Carlsberg,Hungary,2025,Carlsberg_Hungary_2025,FY24 C-BHT,N/A,Carlsberg Insights Hub,not tracked in C-BHT,,,
Carlsberg,India,2024,Carlsberg_India_2024,FY23 C-BHT,Scaler,Carlsberg Insights Hub,in Beer study,,,
Carlsberg,India,2025,Carlsberg_India_2025,FY24 C-BHT,Scaler,Carlsberg Insights Hub,in Beer study,,,
Carlsberg,Latvia,2024,Carlsberg_Latvia_2024,FY23 C-BHT,N/A,Carlsberg Insights Hub,not tracked in C-BHT,,,
Carlsberg,Latvia,2025,Carlsberg_Latvia_2025,FY24 C-BHT,N/A,Carlsberg Insights Hub,not tracked in C-BHT,,,
Carlsberg,Malaysia,2024,Carlsberg_Malaysia_2024,FY23 C-BHT,Lead,Carlsberg Insights Hub,in Beer study,,,
Carlsberg,Malaysia,2025,Carlsberg_Malaysia_2025,FY24 C-BHT,Lead,Carlsberg Insights Hub,in Beer study,,,
Carlsberg,Montenegro,2024,Carlsberg_Montenegro_2024,FY23 C-BHT,N/A,Carlsberg Insights Hub,not tracked in C-BHT,,,
Carlsberg,Montenegro,2025,Carlsberg_Montenegro_2025,FY24 C-BHT,N/A,Carlsberg Insights Hub,not tracked in C-BHT,,,
Carlsberg,Norway,2025,Carlsberg_Norway_2025,FY24 C-BHT,Lead,Carlsberg Insights Hub,in Beer study,,,
Carlsberg,Poland,2024,Carlsberg_Poland_2024,FY23 C-BHT,Scaler,Carlsberg Insights Hub,in Beer study,,,
Carlsberg,Poland,2025,Carlsberg_Poland_2025,FY24 C-BHT,N/A,Carlsberg Insights Hub,not tracked in C-BHT,,,
Carlsberg,Saudi Arabia,2024,Carlsberg_Saudi Arabia_2024,FY23 C-BHT,N/A,Carlsberg Insights Hub,not tracked in C-BHT,,,
Carlsberg,Saudi Arabia,2025,Carlsberg_Saudi Arabia_2025,FY24 C-BHT,Pioneer,Carlsberg Insights Hub,In Cold Beverages study,,,
Carlsberg,Serbia,2024,Carlsberg_Serbia_2024,FY23 C-BHT,Scaler,Carlsberg Insights Hub,in Beer study,,,
Carlsberg,Serbia,2025,Carlsberg_Serbia_2025,FY24 C-BHT,Scaler,Carlsberg Insights Hub,in Beer study,,,
Carlsberg,Singapore,2024,Carlsberg_Singapore_2024,FY23 C-BHT,Scaler,Carlsberg Insights Hub,in Beer study,,,
Carlsberg,Singapore,2025,Carlsberg_Singapore_2025,FY24 C-BHT,Scaler,Carlsberg Insights Hub,in Beer study,,,
Carlsberg,South Korea,2024,Carlsberg_South Korea_2024,FY23 C-BHT,Pioneer,Carlsberg Insights Hub,in Beer study,,,
Carlsberg,South Korea,2025,Carlsberg_South Korea_2025,FY24 C-BHT,Pioneer,Carlsberg Insights Hub,in Beer study,,,
Carlsberg,Sweden,2024,Carlsberg_Sweden_2024,FY23 C-BHT,Lead,Carlsberg Insights Hub,in Beer study,,,
Carlsberg,Sweden,2025,Carlsberg_Sweden_2025,FY24 C-BHT,Lead,Carlsberg Insights Hub,in Beer study,,,
Carlsberg,Ukraine,2024,Carlsberg_Ukraine_2024,FY23 C-BHT,Scaler,Carlsberg Insights Hub,in Beer study,,,
Carlsberg,Ukraine,2025,Carlsberg_Ukraine_2025,FY24 C-BHT,Scaler,Carlsberg Insights Hub,in Beer study,,,
Carlsberg,United Kingdom,2024,Carlsberg_United Kingdom_2024,FY23 C-BHT,Scaler,Carlsberg Insights Hub,in Beer study,,,
Carlsberg,United Kingdom,2025,Carlsberg_United Kingdom_2025,FY24 C-BHT,Scaler,Carlsberg Insights Hub,in Beer study,,,
Carlsberg,Vietnam,2024,Carlsberg_Vietnam_2024,FY23 C-BHT,Pioneer,Carlsberg Insights Hub,in Beer study,,,
Carlsberg,Vietnam,2025,Carlsberg_Vietnam_2025,FY24 C-BHT,Pioneer,Carlsberg Insights Hub,in Beer study,,,
Chongqing,China,2023,Chongqing_China_2023,FY23 C-BHT,Lead,Carlsberg Insights Hub,for Q4 only; in Beer study,,,
Chongqing,China,2024,Chongqing_China_2024,FY23 C-BHT,Lead,Carlsberg Insights Hub,in Beer study,,,
Chongqing,China,2025,Chongqing_China_2025,FY24 C-BHT,Pioneer,Carlsberg Insights Hub,In China FY24 study,,,
Cocktail Collective,Sweden,2024,Cocktail Collective_Sweden_2024,FY23 C-BHT,N/A,Carlsberg Insights Hub,not tracked in C-BHT,,,
Cocktail Collective,Sweden,2025,Cocktail Collective_Sweden_2025,FY24 C-BHT,Pioneer,Carlsberg Insights Hub,In RTD study,,,
Connor's,Malaysia,2024,Connor's_Malaysia_2024,FY23 C-BHT,Pioneer,Carlsberg Insights Hub,in Beer study,,,
Connor's,Malaysia,2025,Connor's_Malaysia_2025,FY24 C-BHT,Pioneer,Carlsberg Insights Hub,in Beer study,,,
Connor's,Singapore,2024,Connor's_Singapore_2024,FY23 C-BHT,Pioneer,Carlsberg Insights Hub,in Beer study,,,
Connor's,Singapore,2025,Connor's_Singapore_2025,FY24 C-BHT,N/A,Carlsberg Insights Hub,not tracked in C-BHT,,,
Connors,Malaysia,2024,Connors_Malaysia_2024,FY23 C-BHT,Pioneer,Carlsberg Insights Hub,in Beer study,,,
Connors,Malaysia,2025,Connors_Malaysia_2025,FY24 C-BHT,Pioneer,Carlsberg Insights Hub,in Beer study,,,
Connors,Singapore,2024,Connors_Singapore_2024,FY23 C-BHT,Pioneer,Carlsberg Insights Hub,in Beer study,,,
Connors,Singapore,2025,Connors_Singapore_2025,FY24 C-BHT,N/A,Carlsberg Insights Hub,not tracked in C-BHT,,,
Crisp,Finland,2024,Crisp_Finland_2024,FY23 C-BHT,Pioneer,Carlsberg Insights Hub,in Beer study,,,
Crisp,Finland,2025,Crisp_Finland_2025,FY24 C-BHT,Pioneer,Carlsberg Insights Hub,In Long Drinks Study,,,
Crowmoor,Finland,2024,Crowmoor_Finland_2024,FY23 C-BHT,Lead,Carlsberg Insights Hub,in Beyond Beer study,,,
Crowmoor,Finland,2025,Crowmoor_Finland_2025,FY24 C-BHT,Lead,Carlsberg Insights Hub,,,,
Crowmoor,Norway,2024,Crowmoor_Norway_2024,FY23 C-BHT,N/A,Carlsberg Insights Hub,not tracked in C-BHT,,,
Crowmoor,Norway,2025,Crowmoor_Norway_2025,FY24 C-BHT,N/A,Carlsberg Insights Hub,not tracked in C-BHT,,,
Dali,China,2024,Dali_China_2024,FY23 C-BHT,Lead,Carlsberg Insights Hub,in Beer study,,,
Dali,China,2025,Dali_China_2025,FY24 C-BHT,Pioneer,Carlsberg Insights Hub,In China FY24 study,,,
Dlight,Latvia,2024,Dlight_Latvia_2024,FY23 C-BHT,N/A,Carlsberg Insights Hub,not tracked in C-BHT,,,
Dlight,Latvia,2025,Dlight_Latvia_2025,FY24 C-BHT,Pioneer,Carlsberg Insights Hub,,,,
Dolcelini,Ukraine,2024,Dolcelini_Ukraine_2024,FY23 C-BHT,N/A,Carlsberg Insights Hub,not tracked in C-BHT,,,
Dolcelini,Ukraine,2025,Dolcelini_Ukraine_2025,FY24 C-BHT,N/A,Carlsberg Insights Hub,not tracked in C-BHT,,,
Ducasse,France,2024,Ducasse_France_2024,FY23 C-BHT,N/A,Carlsberg Insights Hub,not tracked in C-BHT,,,
Ducasse,France,2025,Ducasse_France_2025,FY24 C-BHT,N/A,Carlsberg Insights Hub,not tracked in C-BHT,,,
Erdinger,Sweden,2024,Erdinger_Sweden_2024,FY23 C-BHT,N/A,Carlsberg Insights Hub,not tracked in C-BHT,,,
Erdinger,Sweden,2025,Erdinger_Sweden_2025,FY24 C-BHT,N/A,Carlsberg Insights Hub,not tracked in C-BHT,,,
Eriksberg,Sweden,2024,Eriksberg_Sweden_2024,FY23 C-BHT,Scaler,Carlsberg Insights Hub,in Beer study,,,
Eriksberg,Sweden,2025,Eriksberg_Sweden_2025,FY24 C-BHT,Scaler,Carlsberg Insights Hub,in Beer study,,,
Eve,Switzerland,2024,Eve_Switzerland_2024,FY23 C-BHT,Scaler,Carlsberg Insights Hub,in Beyond Beer study,,,
Eve,Switzerland,2025,Eve_Switzerland_2025,FY24 C-BHT,Scaler,Carlsberg Insights Hub,in Beyond Beer study,,,
Falcon,Sweden,2024,Falcon_Sweden_2024,FY23 C-BHT,Scaler,Carlsberg Insights Hub,in Beer study,,,
Falcon,Sweden,2025,Falcon_Sweden_2025,FY24 C-BHT,Scaler,Carlsberg Insights Hub,in Beer study,,,
Farris,Norway,2024,Farris_Norway_2024,FY23 C-BHT,N/A,Carlsberg Insights Hub,not tracked in C-BHT,,,
Farris,Norway,2025,Farris_Norway_2025,FY24 C-BHT,N/A,Carlsberg Insights Hub,not tracked in C-BHT,,,
Feldschl혳sschen,Switzerland,2024,Feldschl혳sschen_Switzerland_2024,FY23 C-BHT,Lead,Carlsberg Insights Hub,in Beer study,,,
Feldschl혳sschen,Switzerland,2025,Feldschl혳sschen_Switzerland_2025,FY24 C-BHT,Lead,Carlsberg Insights Hub,in Beer study,,,
Feldschl쉝schen,Switzerland,2024,Feldschl쉝schen_Switzerland_2024,FY23 C-BHT,Lead,Carlsberg Insights Hub,in Beer study,,,
Feldschl쉝schen,Switzerland,2025,Feldschl쉝schen_Switzerland_2025,FY24 C-BHT,Lead,Carlsberg Insights Hub,in Beer study,,,
Festis,Sweden,2024,Festis_Sweden_2024,FY23 C-BHT,N/A,Carlsberg Insights Hub,not tracked in C-BHT,,,
Festis,Sweden,2025,Festis_Sweden_2025,FY24 C-BHT,N/A,Carlsberg Insights Hub,not tracked in C-BHT,,,
Fix,Greece,2024,Fix_Greece_2024,FY23 C-BHT,Lead,Carlsberg Insights Hub,in Beer study,,,
Fix,Greece,2025,Fix_Greece_2025,FY24 C-BHT,Lead,Carlsberg Insights Hub,in Beer study,,,
Flash Up,Kazakhstan,2024,Flash Up_Kazakhstan_2024,FY23 C-BHT,N/A,Carlsberg Insights Hub,not tracked in C-BHT,,,
Flash Up,Kazakhstan,2025,Flash Up_Kazakhstan_2025,FY24 C-BHT,N/A,Carlsberg Insights Hub,not tracked in C-BHT,,,
Frydenlund,Estonia,2024,Frydenlund_Estonia_2024,FY23 C-BHT,N/A,Carlsberg Insights Hub,not tracked in C-BHT,,,
Frydenlund,Estonia,2025,Frydenlund_Estonia_2025,FY24 C-BHT,N/A,Carlsberg Insights Hub,not tracked in C-BHT,,,
Frydenlund,Norway,2024,Frydenlund_Norway_2024,FY23 C-BHT,Lead,Carlsberg Insights Hub,in Beer study,,,
Frydenlund,Norway,2025,Frydenlund_Norway_2025,FY24 C-BHT,Lead,Carlsberg Insights Hub,in Beer study,,,
Garage,Bulgaria,2024,Garage_Bulgaria_2024,FY23 C-BHT,Pioneer,Carlsberg Insights Hub,in Beyond Beer study,,,
Garage,Bulgaria,2025,Garage_Bulgaria_2025,FY24 C-BHT,Pioneer,Carlsberg Insights Hub,in Beyond Beer study,,,
Garage,Canada,2024,Garage_Canada_2024,FY23 C-BHT,Pioneer,Carlsberg Insights Hub,in Cider study,,,
Garage,Canada,2025,Garage_Canada_2025,FY24 C-BHT,Pioneer,Carlsberg Insights Hub,in Cider study,,,
Garage,Estonia,2024,Garage_Estonia_2024,FY23 C-BHT,N/A,Carlsberg Insights Hub,not tracked in C-BHT,,,
Garage,Estonia,2025,Garage_Estonia_2025,FY24 C-BHT,N/A,Carlsberg Insights Hub,not tracked in C-BHT,,,
Garage,Finland,2024,Garage_Finland_2024,FY23 C-BHT,Pioneer,Carlsberg Insights Hub,in Long Drinks study,,,
Garage,Finland,2025,Garage_Finland_2025,FY24 C-BHT,Pioneer,Carlsberg Insights Hub,In Long Drinks Study,,,
Garage,Hungary,2024,Garage_Hungary_2024,FY23 C-BHT,N/A,Carlsberg Insights Hub,not tracked in C-BHT,,,
Garage,Hungary,2025,Garage_Hungary_2025,FY24 C-BHT,N/A,Carlsberg Insights Hub,not tracked in C-BHT,,,
Garage,Latvia,2024,Garage_Latvia_2024,FY23 C-BHT,N/A,Carlsberg Insights Hub,not tracked in C-BHT,,,
Garage,Latvia,2025,Garage_Latvia_2025,FY24 C-BHT,N/A,Carlsberg Insights Hub,not tracked in C-BHT,,,
Garage,Lithuania,2024,Garage_Lithuania_2024,FY23 C-BHT,N/A,Carlsberg Insights Hub,not tracked in C-BHT,,,
Garage,Lithuania,2025,Garage_Lithuania_2025,FY24 C-BHT,N/A,Carlsberg Insights Hub,not tracked in C-BHT,,,
Garage,Poland,2024,Garage_Poland_2024,FY23 C-BHT,Scaler,Carlsberg Insights Hub,in Beyond Beer study,,,
Garage,Poland,2025,Garage_Poland_2025,FY24 C-BHT,Scaler,Carlsberg Insights Hub,In Poland FY24 study,,,
Garage,Sweden,2025,Garage_Sweden_2025,FY24 C-BHT,Pioneer,Carlsberg Insights Hub,In RTD study,,,
Garage,Ukraine,2024,Garage_Ukraine_2024,FY23 C-BHT,Scaler,Carlsberg Insights Hub,in Beyond Beer study,,,
Garage,Ukraine,2025,Garage_Ukraine_2025,FY24 C-BHT,Scaler,Carlsberg Insights Hub,In Beer Study,,,
Grimbergen,Denmark,2024,Grimbergen_Denmark_2024,FY23 C-BHT,Scaler,Carlsberg Insights Hub,in Beer study,,,
Grimbergen,Denmark,2025,Grimbergen_Denmark_2025,FY24 C-BHT,Scaler,Carlsberg Insights Hub,in Beer study,,,
Grimbergen,France,2024,Grimbergen_France_2024,FY23 C-BHT,Scaler,Carlsberg Insights Hub,in Beer study,,,
Grimbergen,France,2025,Grimbergen_France_2025,FY24 C-BHT,Scaler,Carlsberg Insights Hub,,,,
Grimbergen,Italy,2024,Grimbergen_Italy_2024,FY23 C-BHT,Pioneer,Carlsberg Insights Hub,in Beer study,,,
Grimbergen,Italy,2025,Grimbergen_Italy_2025,FY24 C-BHT,Pioneer,Carlsberg Insights Hub,in Beer study,,,
Grimbergen,Switzerland,2024,Grimbergen_Switzerland_2024,FY23 C-BHT,Pioneer,Carlsberg Insights Hub,in Beer study,,,
Grimbergen,Switzerland,2025,Grimbergen_Switzerland_2025,FY24 C-BHT,Pioneer,Carlsberg Insights Hub,in Beer study,,,
Grimbergen,Ukraine,2024,Grimbergen_Ukraine_2024,FY23 C-BHT,N/A,Carlsberg Insights Hub,not tracked in C-BHT,,,
Grimbergen,Ukraine,2025,Grimbergen_Ukraine_2025,FY24 C-BHT,N/A,Carlsberg Insights Hub,not tracked in C-BHT,,,
Guinness,Cambodia,2024,Guinness_Cambodia_2024,FY23 C-BHT,Pioneer,Carlsberg Insights Hub,,,,
Guinness,Cambodia,2025,Guinness_Cambodia_2025,FY24 C-BHT,Pioneer,Carlsberg Insights Hub,,,,
Guinness,France,2024,Guinness_France_2024,FY23 C-BHT,N/A,Carlsberg Insights Hub,not tracked in C-BHT,,,
Guinness,France,2025,Guinness_France_2025,FY24 C-BHT,Pioneer,Carlsberg Insights Hub,,,,
Guinness,Greece,2024,Guinness_Greece_2024,FY23 C-BHT,Pioneer,Carlsberg Insights Hub,in Beer study,,,
Guinness,Greece,2025,Guinness_Greece_2025,FY24 C-BHT,Pioneer,Carlsberg Insights Hub,in Beer study,,,
Guinness,Hong Kong,2024,Guinness_Hong Kong_2024,FY23 C-BHT,Scaler,Carlsberg Insights Hub,in Beer study,,,
Guinness,Hong Kong,2025,Guinness_Hong Kong_2025,FY24 C-BHT,Pioneer,Carlsberg Insights Hub,in Beer study,,,
Guinness,Norway,2024,Guinness_Norway_2024,FY23 C-BHT,N/A,Carlsberg Insights Hub,not tracked in C-BHT,,,
Guinness,Norway,2025,Guinness_Norway_2025,FY24 C-BHT,N/A,Carlsberg Insights Hub,not tracked in C-BHT,,,
Guinness,Poland,2024,Guinness_Poland_2024,FY23 C-BHT,N/A,Carlsberg Insights Hub,not tracked in C-BHT,,,
Guinness,Poland,2025,Guinness_Poland_2025,FY24 C-BHT,N/A,Carlsberg Insights Hub,not tracked in C-BHT,,,
Guinness,Sweden,2024,Guinness_Sweden_2024,FY23 C-BHT,Scaler,Carlsberg Insights Hub,in Beer study,,,
Guinness,Sweden,2025,Guinness_Sweden_2025,FY24 C-BHT,Scaler,Carlsberg Insights Hub,in Beer study,,,
Guinness,Switzerland,2024,Guinness_Switzerland_2024,FY23 C-BHT,N/A,Carlsberg Insights Hub,not tracked in C-BHT,,,
Guinness,Switzerland,2025,Guinness_Switzerland_2025,FY24 C-BHT,N/A,Carlsberg Insights Hub,not tracked in C-BHT,,,
Guinness,Ukraine,2024,Guinness_Ukraine_2024,FY23 C-BHT,N/A,Carlsberg Insights Hub,not tracked in C-BHT,,,
Guinness,Ukraine,2025,Guinness_Ukraine_2025,FY24 C-BHT,N/A,Carlsberg Insights Hub,not tracked in C-BHT,,,
Halida,Vietnam,2024,Halida_Vietnam_2024,FY23 C-BHT,N/A,Carlsberg Insights Hub,not tracked in C-BHT,,,
Halida,Vietnam,2025,Halida_Vietnam_2025,FY24 C-BHT,N/A,Carlsberg Insights Hub,not tracked in C-BHT,,,
Harna_,Poland,2024,Harna__Poland_2024,FY23 C-BHT,Scaler,Carlsberg Insights Hub,in Beer study,,,
Harna_,Poland,2025,Harna__Poland_2025,FY24 C-BHT,Scaler,Carlsberg Insights Hub,In Poland FY24 study,,,
Harnas,Poland,2024,Harnas_Poland_2024,FY23 C-BHT,Scaler,Carlsberg Insights Hub,in Beer study,,,
Harnas,Poland,2025,Harnas_Poland_2025,FY24 C-BHT,Scaler,Carlsberg Insights Hub,In Poland FY24 study,,,
Harna_,Poland,2024,Harna__Poland_2024,FY23 C-BHT,Scaler,Carlsberg Insights Hub,in Beer study,,,
Harna_,Poland,2025,Harna__Poland_2025,FY24 C-BHT,Scaler,Carlsberg Insights Hub,In Poland FY24 study,,,
Henninger,Greece,2024,Henninger_Greece_2024,FY23 C-BHT,Pioneer,Carlsberg Insights Hub,in Beer study,,,
Henninger,Greece,2025,Henninger_Greece_2025,FY24 C-BHT,Pioneer,Carlsberg Insights Hub,in Beer study,,,
Hobgoblin,United Kingdom,2024,Hobgoblin_United Kingdom_2024,FY23 C-BHT,N/A,Carlsberg Insights Hub,not tracked in C-BHT,,,
Hobgoblin,United Kingdom,2025,Hobgoblin_United Kingdom_2025,FY24 C-BHT,N/A,Carlsberg Insights Hub,not tracked in C-BHT,,,
Holsten,Germany,2024,Holsten_Germany_2024,FY23 C-BHT,Scaler,Carlsberg Insights Hub,in Beer study,,,
Holsten,Germany,2025,Holsten_Germany_2025,FY24 C-BHT,Scaler,Carlsberg Insights Hub,in Beer study,,,
Holsten,Saudi Arabia,2024,Holsten_Saudi Arabia_2024,FY23 C-BHT,Scaler,Carlsberg Insights Hub,in Beer study,,,
Holsten,Saudi Arabia,2025,Holsten_Saudi Arabia_2025,FY24 C-BHT,Scaler,Carlsberg Insights Hub,in Beer study,,,
Holsten,Ukraine,2024,Holsten_Ukraine_2024,FY23 C-BHT,Pioneer,Carlsberg Insights Hub,in Beer study,,,
Holsten,Ukraine,2025,Holsten_Ukraine_2025,FY24 C-BHT,Pioneer,Carlsberg Insights Hub,in Beer study,,,
Huda,Vietnam,2024,Huda_Vietnam_2024,FY23 C-BHT,Scaler,Carlsberg Insights Hub,in Beer study,,,
Huda,Vietnam,2025,Huda_Vietnam_2025,FY24 C-BHT,Scaler,Carlsberg Insights Hub,in Beer study,,,
Imsdal,Norway,2024,Imsdal_Norway_2024,FY23 C-BHT,N/A,Carlsberg Insights Hub,not tracked in C-BHT,,,
Imsdal,Norway,2025,Imsdal_Norway_2025,FY24 C-BHT,N/A,Carlsberg Insights Hub,not tracked in C-BHT,,,
Imsdal,Sweden,2025,Imsdal_Sweden_2025,FY24 C-BHT,Pioneer,Carlsberg Insights Hub,In Bottled Water Study,,,
Jacobsen,Denmark,2024,Jacobsen_Denmark_2024,FY23 C-BHT,Scaler,Carlsberg Insights Hub,in Beer study,,,
Jacobsen,Denmark,2025,Jacobsen_Denmark_2025,FY24 C-BHT,Scaler,Carlsberg Insights Hub,in Beer study,,,
Jing A,China,2024,Jing A_China_2024,FY23 C-BHT,N/A,Carlsberg Insights Hub,not tracked in C-BHT,,,
Jing A,China,2025,Jing A_China_2025,FY24 C-BHT,N/A,Carlsberg Insights Hub,not tracked in C-BHT,,,
Jolly Shandy,China,2024,Jolly Shandy_China_2024,FY23 C-BHT,N/A,Carlsberg Insights Hub,not tracked in C-BHT,,,
Jolly Shandy,China,2025,Jolly Shandy_China_2025,FY24 C-BHT,N/A,Carlsberg Insights Hub,not tracked in C-BHT,,,
Julebrus,Norway,2025,Julebrus_Norway_2025,FY24 C-BHT,N/A,Carlsberg Insights Hub,not tracked in C-BHT,,,
JustDrink,Switzerland,2024,JustDrink_Switzerland_2024,FY23 C-BHT,N/A,Carlsberg Insights Hub,not tracked in C-BHT,,,
JustDrink,Switzerland,2025,JustDrink_Switzerland_2025,FY24 C-BHT,N/A,Carlsberg Insights Hub,not tracked in C-BHT,,,
Kaiser,Greece,2024,Kaiser_Greece_2024,FY23 C-BHT,Scaler,Carlsberg Insights Hub,in Beer study,,,
Kaiser,Greece,2025,Kaiser_Greece_2025,FY24 C-BHT,Scaler,Carlsberg Insights Hub,in Beer study,,,
Karhu,Finland,2024,Karhu_Finland_2024,FY23 C-BHT,Lead,Carlsberg Insights Hub,in Beer study,,,
Karhu,Finland,2025,Karhu_Finland_2025,FY24 C-BHT,Lead,Carlsberg Insights Hub,in Beer study,,,
Karl Friedrich,Estonia,2024,Karl Friedrich_Estonia_2024,FY23 C-BHT,Scaler,Carlsberg Insights Hub,in Beer study,,,
Karl Friedrich,Estonia,2025,Karl Friedrich_Estonia_2025,FY24 C-BHT,Scaler,Carlsberg Insights Hub,,,,
Kasztelan,Poland,2024,Kasztelan_Poland_2024,FY23 C-BHT,Scaler,Carlsberg Insights Hub,in Beer study,,,
Kasztelan,Poland,2025,Kasztelan_Poland_2025,FY24 C-BHT,Scaler,Carlsberg Insights Hub,In Poland FY24 study,,,
KOFF,Estonia,2024,KOFF_Estonia_2024,FY23 C-BHT,N/A,Carlsberg Insights Hub,not tracked in C-BHT,,,
KOFF,Estonia,2025,KOFF_Estonia_2025,FY24 C-BHT,N/A,Carlsberg Insights Hub,not tracked in C-BHT,,,
KOFF,Finland,2024,KOFF_Finland_2024,FY23 C-BHT,Scaler,Carlsberg Insights Hub,in Long Drinks study,,,
KOFF,Finland,2025,KOFF_Finland_2025,FY24 C-BHT,Scaler,Carlsberg Insights Hub,in Long Drinks study,,,
KOFF,Sweden,2024,KOFF_Sweden_2024,FY23 C-BHT,N/A,Carlsberg Insights Hub,not tracked in C-BHT,,,
Koff,Sweden,2025,Koff_Sweden_2025,FY24 C-BHT,N/A,Carlsberg Insights Hub,not tracked in C-BHT,,,
KOFF LD,Finland,2024,KOFF LD_Finland_2024,FY23 C-BHT,Scaler,Carlsberg Insights Hub,in Long Drinks study,,,
KOFF LD,Finland,2025,KOFF LD_Finland_2025,FY24 C-BHT,Scaler,Carlsberg Insights Hub,In Long Drinks Study,,,
Koff Long Drink,Estonia,2024,Koff Long Drink_Estonia_2024,FY23 C-BHT,N/A,Carlsberg Insights Hub,not tracked in C-BHT,,,
Koff Long Drink,Finland,2024,Koff Long Drink_Finland_2024,FY23 C-BHT,Scaler,Carlsberg Insights Hub,in Long Drinks study,,,
Koff Long Drink,Finland,2025,Koff Long Drink_Finland_2025,FY24 C-BHT,Scaler,Carlsberg Insights Hub,In Long Drinks Study,,,
Koff Long Drink,Sweden,2025,Koff Long Drink_Sweden_2025,FY24 C-BHT,N/A,Carlsberg Insights Hub,not tracked in C-BHT,,,
Kronenbourg,Lithuania,2025,Kronenbourg_Lithuania_2025,FY24 C-BHT,Scaler,Carlsberg Insights Hub,in Beer study,,,
Kul Ice,Azerbaijan,2024,Kul Ice_Azerbaijan_2024,FY23 C-BHT,Scaler,Carlsberg Insights Hub,in Beer study,,,
Kul Ice,Azerbaijan,2025,Kul Ice_Azerbaijan_2025,FY24 C-BHT,Scaler,Carlsberg Insights Hub,,,,
Kvas Taras,Ukraine,2024,Kvas Taras_Ukraine_2024,FY23 C-BHT,N/A,Carlsberg Insights Hub,not tracked in C-BHT,,,
Kvas Taras,Ukraine,2025,Kvas Taras_Ukraine_2025,FY24 C-BHT,N/A,Carlsberg Insights Hub,not tracked in C-BHT,,,
L혺bzer,Germany,2024,L혺bzer_Germany_2024,FY23 C-BHT,Scaler,Carlsberg Insights Hub,in Beer study,,,
La B혨te,France,2024,La B혨te_France_2024,FY23 C-BHT,N/A,Carlsberg Insights Hub,not tracked in C-BHT,,,
La B혨te,France,2025,La B혨te_France_2025,FY24 C-BHT,Pioneer,Carlsberg Insights Hub,in Beer study,,,
La B릘e,France,2024,La B릘e_France_2024,FY23 C-BHT,N/A,Carlsberg Insights Hub,not tracked in C-BHT,,,
La B릘e,France,2025,La B릘e_France_2025,FY24 C-BHT,Pioneer,Carlsberg Insights Hub,in Beer study,,,
Laker,Canada,2024,Laker_Canada_2024,FY23 C-BHT,Pioneer,Carlsberg Insights Hub,in Beer study,,,
Laker,Canada,2025,Laker_Canada_2025,FY24 C-BHT,Pioneer,Carlsberg Insights Hub,in Beer study,,,
Landshark,Canada,2024,Landshark_Canada_2024,FY23 C-BHT,Pioneer,Carlsberg Insights Hub,in Beer study,,,
Landshark,Canada,2025,Landshark_Canada_2025,FY24 C-BHT,Pioneer,Carlsberg Insights Hub,in Beer study,,,
LAV,Bosnia and Herzegovina,2024,LAV_Bosnia and Herzegovina_2024,FY23 C-BHT,Scaler,Carlsberg Insights Hub,in Beer study,,,
LAV,Bosnia and Herzegovina,2025,LAV_Bosnia and Herzegovina_2025,FY24 C-BHT,Scaler,Carlsberg Insights Hub,in Beer study,,,
LAV,Montenegro,2025,LAV_Montenegro_2025,FY23 C-BHT,N/A,Carlsberg Insights Hub,not tracked in C-BHT,,,
LAV,Serbia,2024,LAV_Serbia_2024,FY23 C-BHT,Lead,Carlsberg Insights Hub,in Beer study,,,
LAV,Serbia,2025,LAV_Serbia_2025,FY24 C-BHT,Lead,Carlsberg Insights Hub,in Beer study,,,
L웑zer,Germany,2024,L웑zer_Germany_2024,FY23 C-BHT,Scaler,Carlsberg Insights Hub,in Beer study,,,
L웑zer,Germany,2025,L웑zer_Germany_2025,FY24 C-BHT,Scaler,Carlsberg Insights Hub,in Beer study,,,
Lvivarnya,Ukraine,2025,Lvivarnya_Ukraine_2025,FY24 C-BHT,N/A,Carlsberg Insights Hub,not tracked in C-BHT,,,
Lvivske,Ukraine,2024,Lvivske_Ukraine_2024,FY23 C-BHT,Lead,Carlsberg Insights Hub,in Beer study,,,
Lvivske,Ukraine,2025,Lvivske_Ukraine_2025,FY24 C-BHT,Lead,Carlsberg Insights Hub,,,,
Mezpils,Latvia,2024,Mezpils_Latvia_2024,FY23 C-BHT,N/A,Carlsberg Insights Hub,not tracked in C-BHT,,,
Mezpils,Latvia,2025,Mezpils_Latvia_2025,FY24 C-BHT,Scaler,Carlsberg Insights Hub,,,,
Me_pils,Latvia,2024,Me_pils_Latvia_2024,FY23 C-BHT,N/A,Carlsberg Insights Hub,not tracked in C-BHT,,,
Me_pils,Latvia,2025,Me_pils_Latvia_2025,FY24 C-BHT,Scaler,Carlsberg Insights Hub,,,,
Miller,Ukraine,2024,Miller_Ukraine_2024,FY23 C-BHT,Pioneer,Carlsberg Insights Hub,in Beer study,,,
Miller,Ukraine,2025,Miller_Ukraine_2025,FY24 C-BHT,Pioneer,Carlsberg Insights Hub,in Beer study,,,
Moussy,Egypt,2024,Moussy_Egypt_2024,FY23 C-BHT,Scaler,Carlsberg Insights Hub,from 2024 W1 Cold Beverages study as couldn't find FY23,,,
Moussy,Egypt,2025,Moussy_Egypt_2025,FY24 C-BHT,Scaler,Carlsberg Insights Hub,,,,
Moussy,Saudi Arabia,2024,Moussy_Saudi Arabia_2024,FY23 C-BHT,Lead,Carlsberg Insights Hub,in Beyond Beer study,,,
Moussy,Saudi Arabia,2025,Moussy_Saudi Arabia_2025,FY24 C-BHT,Lead,Carlsberg Insights Hub,in Beyond Beer study,,,
Munkholm,Norway,2024,Munkholm_Norway_2024,FY23 C-BHT,N/A,Carlsberg Insights Hub,not tracked in C-BHT,,,
Munkholm,Norway,2025,Munkholm_Norway_2025,FY24 C-BHT,N/A,Carlsberg Insights Hub,not tracked in C-BHT,,,
Mythos,Greece,2024,Mythos_Greece_2024,FY23 C-BHT,Scaler,Carlsberg Insights Hub,in Beer study,,,
Mythos,Greece,2025,Mythos_Greece_2025,FY24 C-BHT,Lead,Carlsberg Insights Hub,in Beer study,,,
Mythos,Sweden,2024,Mythos_Sweden_2024,FY23 C-BHT,N/A,Carlsberg Insights Hub,not tracked in C-BHT,,,
Mythos,Sweden,2025,Mythos_Sweden_2025,FY24 C-BHT,N/A,Carlsberg Insights Hub,not tracked in C-BHT,,,
Nissos,Greece,2024,Nissos_Greece_2024,FY23 C-BHT,Pioneer,Carlsberg Insights Hub,in Beer study,,,
Nissos,Greece,2025,Nissos_Greece_2025,FY24 C-BHT,Pioneer,Carlsberg Insights Hub,in Beer study,,,
Nya Carnegie Bryggeriet,Sweden,2024,Nya Carnegie Bryggeriet_Sweden_2024,FY23 C-BHT,Pioneer,Carlsberg Insights Hub,in Beer study,,,
Nya Carnegie Bryggeriet,Sweden,2025,Nya Carnegie Bryggeriet_Sweden_2025,FY24 C-BHT,Pioneer,Carlsberg Insights Hub,in Beer study,,,
Nya Carnegiebryggeriet,Sweden,2024,Nya Carnegiebryggeriet_Sweden_2024,FY23 C-BHT,Pioneer,Carlsberg Insights Hub,in Beer study,,,
Nya Carnegiebryggeriet,Sweden,2025,Nya Carnegiebryggeriet_Sweden_2025,FY24 C-BHT,Pioneer,Carlsberg Insights Hub,in Beer study,,,
OK Beer,Croatia,2025,OK Beer_Croatia_2025,FY24 C-BHT,N/A,Carlsberg Insights Hub,not tracked in C-BHT,,,
OK Beer,France,2025,OK Beer_France_2025,FY24 C-BHT,N/A,Carlsberg Insights Hub,not tracked in C-BHT,,,
OK Beer,Singapore,2025,OK Beer_Singapore_2025,FY24 C-BHT,N/A,Carlsberg Insights Hub,not tracked in C-BHT,,,
Okocim,Poland,2024,Okocim_Poland_2024,FY23 C-BHT,Scaler,Carlsberg Insights Hub,,,,
Okocim,Poland,2025,Okocim_Poland_2025,FY24 C-BHT,Scaler,Carlsberg Insights Hub,,,,
Olympic Brewery,Greece,2024,Olympic Brewery_Greece_2024,FY23 C-BHT,N/A,Carlsberg Insights Hub,not tracked in C-BHT,,,
Olympic Brewery,Greece,2025,Olympic Brewery_Greece_2025,FY24 C-BHT,N/A,Carlsberg Insights Hub,not tracked in C-BHT,,,
Pan,Croatia,2024,Pan_Croatia_2024,FY23 C-BHT,Lead,Carlsberg Insights Hub,in Beer study,,,
Pan,Croatia,2025,Pan_Croatia_2025,FY24 C-BHT,Lead,Carlsberg Insights Hub,in Beer study,,,
Pepsi,Cambodia,2024,Pepsi_Cambodia_2024,FY23 C-BHT,N/A,Carlsberg Insights Hub,not tracked in C-BHT,,,
Pepsi,Cambodia,2025,Pepsi_Cambodia_2025,FY24 C-BHT,N/A,Carlsberg Insights Hub,not tracked in C-BHT,,,
Pepsi,Denmark,2025,Pepsi_Denmark_2025,FY24 C-BHT,Lead,Carlsberg Insights Hub,In CSD Study,,,
Pepsi,Sweden,2025,Pepsi_Sweden_2025,FY24 C-BHT,Scaler,Carlsberg Insights Hub,In CSD Study,,,
Pepsi,Switzerland,2024,Pepsi_Switzerland_2024,FY23 C-BHT,N/A,Carlsberg Insights Hub,not tracked in C-BHT,,,
Pepsi,Switzerland,2025,Pepsi_Switzerland_2025,FY24 C-BHT,N/A,Carlsberg Insights Hub,not tracked in C-BHT,,,
Piast,Poland,2024,Piast_Poland_2024,FY23 C-BHT,N/A,Carlsberg Insights Hub,not tracked in C-BHT,,,
Piast,Poland,2025,Piast_Poland_2025,FY24 C-BHT,N/A,Carlsberg Insights Hub,not tracked in C-BHT,,,
Pirinsko,Bulgaria,2024,Pirinsko_Bulgaria_2024,FY23 C-BHT,Lead,Carlsberg Insights Hub,in Beer study,,,
Pirinsko,Bulgaria,2025,Pirinsko_Bulgaria_2025,FY24 C-BHT,Lead,Carlsberg Insights Hub,in Beer study,,,
Pripps Bl혣,Sweden,2024,Pripps Bl혣_Sweden_2024,FY23 C-BHT,Scaler,Carlsberg Insights Hub,in Beer study,,,
Pripps Bl혣,Sweden,2025,Pripps Bl혣_Sweden_2025,FY24 C-BHT,Scaler,Carlsberg Insights Hub,in Beer study,,,
Pripps Bl,Sweden,2024,Pripps Bl_Sweden_2024,FY23 C-BHT,Scaler,Carlsberg Insights Hub,in Beer study,,,
Pripps Bl,Sweden,2025,Pripps Bl_Sweden_2025,FY24 C-BHT,Scaler,Carlsberg Insights Hub,in Beer study,,,
Raml혳sa,Sweden,2024,Raml혳sa_Sweden_2024,FY23 C-BHT,Lead,Carlsberg Insights Hub,In Bottled Water Study,,,
Raml혳sa,Sweden,2025,Raml혳sa_Sweden_2025,FY24 C-BHT,Lead,Carlsberg Insights Hub,In Bottled Water Study,,,
Raml쉝a,Sweden,2024,Raml쉝a_Sweden_2024,FY23 C-BHT,Lead,Carlsberg Insights Hub,In Bottled Water Study,,,
Raml쉝a,Sweden,2025,Raml쉝a_Sweden_2025,FY24 C-BHT,Lead,Carlsberg Insights Hub,In Bottled Water Study,,,
Red Brick,Lithuania,2024,Red Brick_Lithuania_2024,FY23 C-BHT,N/A,Carlsberg Insights Hub,not tracked in C-BHT,,,
Red Brick,Lithuania,2025,Red Brick_Lithuania_2025,FY24 C-BHT,N/A,Carlsberg Insights Hub,not tracked in C-BHT,,,
Ringnes,Norway,2024,Ringnes_Norway_2024,FY23 C-BHT,Lead,Carlsberg Insights Hub,in Beer study,,,
Ringnes,Norway,2025,Ringnes_Norway_2025,FY24 C-BHT,Lead,Carlsberg Insights Hub,not tracked in C-BHT,,,
Rock,Estonia,2024,Rock_Estonia_2024,FY23 C-BHT,Scaler,Carlsberg Insights Hub,in Beer study,,,
Rock,Estonia,2025,Rock_Estonia_2025,FY24 C-BHT,Scaler,Carlsberg Insights Hub,,,,
Saku,Estonia,2024,Saku_Estonia_2024,FY23 C-BHT,Lead,Carlsberg Insights Hub,in Beyond Beer study,,,
Saku,Estonia,2025,Saku_Estonia_2025,FY24 C-BHT,Lead,Carlsberg Insights Hub,in Beyond Beer study,,,
San Miguel,United Kingdom,2024,San Miguel_United Kingdom_2024,FY23 C-BHT,Lead,Carlsberg Insights Hub,in Beer study,,,
San Miguel,United Kingdom,2025,San Miguel_United Kingdom_2025,FY24 C-BHT,Lead,Carlsberg Insights Hub,in Beer study,,,
Sapporo,Hong Kong,2024,Sapporo_Hong Kong_2024,FY23 C-BHT,N/A,Carlsberg Insights Hub,not tracked in C-BHT,,,
Sapporo,Hong Kong,2025,Sapporo_Hong Kong_2025,FY24 C-BHT,N/A,Carlsberg Insights Hub,not tracked in C-BHT,,,
Sapporo,Malaysia,2024,Sapporo_Malaysia_2024,FY23 C-BHT,Pioneer,Carlsberg Insights Hub,in Beer study,,,
Sapporo,Malaysia,2025,Sapporo_Malaysia_2025,FY24 C-BHT,Pioneer,Carlsberg Insights Hub,in Beer study,,,
Schous,Norway,2024,Schous_Norway_2024,FY23 C-BHT,Pioneer,Carlsberg Insights Hub,in Beer study,,,
Schous,Norway,2025,Schous_Norway_2025,FY24 C-BHT,Pioneer,Carlsberg Insights Hub,in Beer study,,,
Schweppes,Denmark,2024,Schweppes_Denmark_2024,FY23 C-BHT,N/A,Carlsberg Insights Hub,not tracked in C-BHT,,,
Schweppes,Denmark,2025,Schweppes_Denmark_2025,FY24 C-BHT,Scaler,Carlsberg Insights Hub,In CSD Study,,,
Schweppes,Finland,2024,Schweppes_Finland_2024,FY23 C-BHT,N/A,Carlsberg Insights Hub,not tracked in C-BHT,,,
Schweppes,Finland,2025,Schweppes_Finland_2025,FY24 C-BHT,N/A,Carlsberg Insights Hub,not tracked in C-BHT,,,
Schweppes,Norway,2024,Schweppes_Norway_2024,FY23 C-BHT,N/A,Carlsberg Insights Hub,not tracked in C-BHT,,,
Schweppes,Norway,2025,Schweppes_Norway_2025,FY24 C-BHT,N/A,Carlsberg Insights Hub,not tracked in C-BHT,,,
Schweppes,Sweden,2024,Schweppes_Sweden_2024,FY23 C-BHT,N/A,Carlsberg Insights Hub,not tracked in C-BHT,,,
Schweppes,Sweden,2025,Schweppes_Sweden_2025,FY24 C-BHT,N/A,Carlsberg Insights Hub,not tracked in C-BHT,,,
Seagram,Canada,2024,Seagram_Canada_2024,FY23 C-BHT,Pioneer,Carlsberg Insights Hub,in Cider study,,,
Seagram,Canada,2025,Seagram_Canada_2025,FY24 C-BHT,Pioneer,Carlsberg Insights Hub,in Cider study,,,
Shumensko,Bulgaria,2024,Shumensko_Bulgaria_2024,FY23 C-BHT,Lead,Carlsberg Insights Hub,in Beer study,,,
Shumensko,Bulgaria,2025,Shumensko_Bulgaria_2025,FY24 C-BHT,Lead,Carlsberg Insights Hub,in Beer study,,,
Shumensko,Cambodia,2024,Shumensko_Cambodia_2024,FY23 C-BHT,N/A,Carlsberg Insights Hub,not tracked in C-BHT,,,
Shumensko,Cambodia,2025,Shumensko_Cambodia_2025,FY24 C-BHT,N/A,Carlsberg Insights Hub,not tracked in C-BHT,,,
Singha,Cambodia,2024,Singha_Cambodia_2024,FY23 C-BHT,Scaler,Carlsberg Insights Hub,in Beer study,,,
Singha,Cambodia,2025,Singha_Cambodia_2025,FY24 C-BHT,Scaler,Carlsberg Insights Hub,in Market Study,,,
SKOL,Malaysia,2024,SKOL_Malaysia_2024,FY23 C-BHT,Pioneer,Carlsberg Insights Hub,in Beer study,,,
SKOL,Malaysia,2025,SKOL_Malaysia_2025,FY24 C-BHT,Pioneer,Carlsberg Insights Hub,in Beer study,,,
Solo,Norway,2024,Solo_Norway_2024,FY23 C-BHT,N/A,Carlsberg Insights Hub,not tracked in C-BHT,,,
Solo,Norway,2025,Solo_Norway_2025,FY24 C-BHT,N/A,Carlsberg Insights Hub,not tracked in C-BHT,,,
Somersby,Albania,2024,Somersby_Albania_2024,FY23 C-BHT,N/A,Carlsberg Insights Hub,not tracked in C-BHT,,,
Somersby,Albania,2025,Somersby_Albania_2025,FY24 C-BHT,N/A,Carlsberg Insights Hub,not tracked in C-BHT,,,
Somersby,Bulgaria,2024,Somersby_Bulgaria_2024,FY23 C-BHT,Pioneer,Carlsberg Insights Hub,in Beyond Beer study,,,
Somersby,Bulgaria,2025,Somersby_Bulgaria_2025,FY24 C-BHT,Pioneer,Carlsberg Insights Hub,in Beyond Beer study,,,
Somersby,Cambodia,2024,Somersby_Cambodia_2024,FY23 C-BHT,Pioneer,Carlsberg Insights Hub,in Beyond Beer study,,,
Somersby,Cambodia,2025,Somersby_Cambodia_2025,FY24 C-BHT,Pioneer,Carlsberg Insights Hub,in Beyond Beer study,,,
Somersby,Canada,2024,Somersby_Canada_2024,FY23 C-BHT,Scaler,Carlsberg Insights Hub,in Cider study,,,
Somersby,Canada,2025,Somersby_Canada_2025,FY24 C-BHT,N/A,Carlsberg Insights Hub,not tracked in C-BHT,,,
Somersby,China,2024,Somersby_China_2024,FY23 C-BHT,Pioneer,Carlsberg Insights Hub,in Beyond Beer study,,,
Somersby,China,2025,Somersby_China_2025,FY24 C-BHT,Pioneer,Carlsberg Insights Hub,in Beyond Beer study,,,
Somersby,Croatia,2024,Somersby_Croatia_2024,FY23 C-BHT,N/A,Carlsberg Insights Hub,not tracked in C-BHT,,,
Somersby,Croatia,2025,Somersby_Croatia_2025,FY24 C-BHT,N/A,Carlsberg Insights Hub,not tracked in C-BHT,,,
Somersby,Denmark,2024,Somersby_Denmark_2024,FY23 C-BHT,N/A,Carlsberg Insights Hub,not tracked in C-BHT,,,
Somersby,Denmark,2025,Somersby_Denmark_2025,FY24 C-BHT,N/A,Carlsberg Insights Hub,not tracked in C-BHT,,,
Somersby,Estonia,2024,Somersby_Estonia_2024,FY23 C-BHT,N/A,Carlsberg Insights Hub,not tracked in C-BHT,,,
Somersby,Estonia,2025,Somersby_Estonia_2025,FY24 C-BHT,N/A,Carlsberg Insights Hub,not tracked in C-BHT,,,
Somersby,Finland,2024,Somersby_Finland_2024,FY23 C-BHT,Lead,Carlsberg Insights Hub,in Beyond Beer study,,,
Somersby,Finland,2025,Somersby_Finland_2025,FY24 C-BHT,Scaler,Carlsberg Insights Hub,,,,
Somersby,France,2024,Somersby_France_2024,FY23 C-BHT,Pioneer,Carlsberg Insights Hub,in Beyond Beer study,,,
Somersby,France,2025,Somersby_France_2025,FY24 C-BHT,Pioneer,Carlsberg Insights Hub,in Beyond Beer study,,,
Somersby,Germany,2024,Somersby_Germany_2024,FY23 C-BHT,Pioneer,Carlsberg Insights Hub,in Beyond Beer study,,,
Somersby,Germany,2025,Somersby_Germany_2025,FY24 C-BHT,Pioneer,Carlsberg Insights Hub,in Beyond Beer study,,,
Somersby,Greece,2024,Somersby_Greece_2024,FY23 C-BHT,Scaler,Carlsberg Insights Hub,in Cider study,,,
Somersby,Greece,2025,Somersby_Greece_2025,FY24 C-BHT,N/A,Carlsberg Insights Hub,not tracked in C-BHT,,,
Somersby,Hong Kong,2024,Somersby_Hong Kong_2024,FY23 C-BHT,Pioneer,Carlsberg Insights Hub,in Beyond Beer study,,,
Somersby,Hong Kong,2025,Somersby_Hong Kong_2025,FY24 C-BHT,Pioneer,Carlsberg Insights Hub,in the Beer Study,,,
Somersby,Hungary,2024,Somersby_Hungary_2024,FY23 C-BHT,N/A,Carlsberg Insights Hub,not tracked in C-BHT,,,
Somersby,Hungary,2025,Somersby_Hungary_2025,FY24 C-BHT,N/A,Carlsberg Insights Hub,not tracked in C-BHT,,,
Somersby,Latvia,2025,Somersby_Latvia_2025,FY24 C-BHT,N/A,Carlsberg Insights Hub,not tracked in C-BHT,,,
Somersby,Malaysia,2024,Somersby_Malaysia_2024,FY23 C-BHT,Scaler,Carlsberg Insights Hub,in Beyond Beer study,,,
Somersby,Malaysia,2025,Somersby_Malaysia_2025,FY24 C-BHT,Scaler,Carlsberg Insights Hub,in Beyond Beer study,,,
Somersby,Montenegro,2024,Somersby_Montenegro_2024,FY23 C-BHT,N/A,Carlsberg Insights Hub,not tracked in C-BHT,,,
Somersby,Montenegro,2025,Somersby_Montenegro_2025,FY24 C-BHT,N/A,Carlsberg Insights Hub,not tracked in C-BHT,,,
Somersby,Norway,2024,Somersby_Norway_2024,FY23 C-BHT,N/A,Carlsberg Insights Hub,not tracked in C-BHT,,,
Somersby,Norway,2025,Somersby_Norway_2025,FY24 C-BHT,N/A,Carlsberg Insights Hub,not tracked in C-BHT,,,
Somersby,Poland,2024,Somersby_Poland_2024,FY23 C-BHT,Scaler,Carlsberg Insights Hub,in Beyond Beer study,,,
Somersby,Poland,2025,Somersby_Poland_2025,FY24 C-BHT,Scaler,Carlsberg Insights Hub,In Poland FY24 study,,,
Somersby,Serbia,2024,Somersby_Serbia_2024,FY23 C-BHT,N/A,Carlsberg Insights Hub,not tracked in C-BHT,,,
Somersby,Serbia,2025,Somersby_Serbia_2025,FY24 C-BHT,N/A,Carlsberg Insights Hub,not tracked in C-BHT,,,
Somersby,Singapore,2024,Somersby_Singapore_2024,FY23 C-BHT,Pioneer,Carlsberg Insights Hub,in Beyond Beer study,,,
Somersby,Singapore,2025,Somersby_Singapore_2025,FY24 C-BHT,Pioneer,Carlsberg Insights Hub,in Beyond Beer study,,,
Somersby,South Korea,2024,Somersby_South Korea_2024,FY23 C-BHT,Pioneer,Carlsberg Insights Hub,in Beyond Beer study,,,
Somersby,South Korea,2025,Somersby_South Korea_2025,FY24 C-BHT,Pioneer,Carlsberg Insights Hub,,,,
Somersby,Sweden,2024,Somersby_Sweden_2024,FY23 C-BHT,Lead,Carlsberg Insights Hub,in Cider study,,,
Somersby,Sweden,2025,Somersby_Sweden_2025,FY24 C-BHT,Lead,Carlsberg Insights Hub,In Cider study,,,
Somersby,Switzerland,2024,Somersby_Switzerland_2024,FY23 C-BHT,Scaler,Carlsberg Insights Hub,in Beyond Beer study,,,
Somersby,Switzerland,2025,Somersby_Switzerland_2025,FY24 C-BHT,Scaler,Carlsberg Insights Hub,In Beer Study,,,
Somersby,Ukraine,2025,Somersby_Ukraine_2025,FY24 C-BHT,N/A,Carlsberg Insights Hub,not tracked in C-BHT,,,
Somersby,Vietnam,2024,Somersby_Vietnam_2024,FY23 C-BHT,Pioneer,Carlsberg Insights Hub,in Beyond Beer study,,,
Somersby,Vietnam,2025,Somersby_Vietnam_2025,FY24 C-BHT,Pioneer,Carlsberg Insights Hub,in Beyond Beer study,,,
Staropramen,Finland,2024,Staropramen_Finland_2024,FY23 C-BHT,N/A,Carlsberg Insights Hub,not tracked in C-BHT,,,
Staropramen,Finland,2025,Staropramen_Finland_2025,FY24 C-BHT,N/A,Carlsberg Insights Hub,not tracked in C-BHT,,,
Staropramen,Sweden,2024,Staropramen_Sweden_2024,FY23 C-BHT,Lead,Carlsberg Insights Hub,in Beer study,,,
Staropramen,Sweden,2025,Staropramen_Sweden_2025,FY24 C-BHT,Scaler,Carlsberg Insights Hub,in Beer study,,,
Staropramen,Ukraine,2024,Staropramen_Ukraine_2024,FY23 C-BHT,Scaler,Carlsberg Insights Hub,in Beer study,,,
Staropramen,Ukraine,2025,Staropramen_Ukraine_2025,FY24 C-BHT,Scaler,Carlsberg Insights Hub,in Beer study,,,
Sting,Cambodia,2024,Sting_Cambodia_2024,FY23 C-BHT,N/A,Carlsberg Insights Hub,not tracked in C-BHT,,,
Sting,Cambodia,2025,Sting_Cambodia_2025,FY24 C-BHT,N/A,Carlsberg Insights Hub,not tracked in C-BHT,,,
Super Bock,Switzerland,2024,Super Bock_Switzerland_2024,FY23 C-BHT,Pioneer,Carlsberg Insights Hub,in Beer study,,,
Super Bock,Switzerland,2025,Super Bock_Switzerland_2025,FY24 C-BHT,Pioneer,Carlsberg Insights Hub,in Beer study,,,
_vyturys,Lithuania,2024,_vyturys_Lithuania_2024,FY23 C-BHT,Lead,Carlsberg Insights Hub,in Beer study,,,
_vyturys,Lithuania,2025,_vyturys_Lithuania_2025,FY24 C-BHT,Lead,Carlsberg Insights Hub,in Beer study,,,
Svyturys,Lithuania,2024,Svyturys_Lithuania_2024,FY23 C-BHT,Lead,Carlsberg Insights Hub,in Beer study,,,
Svyturys,Lithuania,2025,Svyturys_Lithuania_2025,FY24 C-BHT,Lead,Carlsberg Insights Hub,in Beer study,,,
_vyturys,Lithuania,2024,_vyturys_Lithuania_2024,FY23 C-BHT,Lead,Carlsberg Insights Hub,in Beer study,,,
_vyturys,Lithuania,2025,_vyturys_Lithuania_2025,FY24 C-BHT,Lead,Carlsberg Insights Hub,in Beer study,,,
_vyturys Ekstra,Lithuania,2024,_vyturys Ekstra_Lithuania_2024,FY23 C-BHT,Lead,Carlsberg Insights Hub,in Beer study,,,
_vyturys Ekstra,Lithuania,2025,_vyturys Ekstra_Lithuania_2025,FY24 C-BHT,Lead,Carlsberg Insights Hub,in Beer study,,,
Sweden,Apotekarnes,2025,Sweden_Apotekarnes_2025,FY24 C-BHT,Scaler,Carlsberg Insights Hub,in CSD study,,,
Sweden,Schweppes,2025,Sweden_Schweppes_2025,FY24 C-BHT,N/A,Carlsberg Insights Hub,not tracked in C-BHT,,,
Tianmuhu,China,2023,Tianmuhu_China_2023,FY23 C-BHT,Lead,Carlsberg Insights Hub,for Q4 only; in Beer study,,,
Tianmuhu,China,2024,Tianmuhu_China_2024,FY23 C-BHT,Lead,Carlsberg Insights Hub,in Beer study,,,
Tianmuhu,China,2025,Tianmuhu_China_2025,FY24 C-BHT,Pioneer,Carlsberg Insights Hub,In China FY24 study,,,
Tourtel,France,2024,Tourtel_France_2024,FY23 C-BHT,Scaler,Carlsberg Insights Hub,in Beer study,,,
Tourtel,France,2025,Tourtel_France_2025,FY24 C-BHT,Scaler,Carlsberg Insights Hub,,,,
Tourtel,Serbia,2024,Tourtel_Serbia_2024,FY23 C-BHT,N/A,Carlsberg Insights Hub,not tracked in C-BHT,,,
Tourtel,Serbia,2025,Tourtel_Serbia_2025,FY24 C-BHT,N/A,Carlsberg Insights Hub,not tracked in C-BHT,,,
Tuborg,Albania,2024,Tuborg_Albania_2024,FY23 C-BHT,N/A,Carlsberg Insights Hub,not tracked in C-BHT,,,
Tuborg,Albania,2025,Tuborg_Albania_2025,FY24 C-BHT,N/A,Carlsberg Insights Hub,not tracked in C-BHT,,,
Tuborg,Azerbaijan,2024,Tuborg_Azerbaijan_2024,FY23 C-BHT,Pioneer,Carlsberg Insights Hub,in Beer study,,,
Tuborg,Azerbaijan,2025,Tuborg_Azerbaijan_2025,FY24 C-BHT,Pioneer,Carlsberg Insights Hub,,,,
Tuborg,Bulgaria,2024,Tuborg_Bulgaria_2024,FY23 C-BHT,Scaler,Carlsberg Insights Hub,in Beer study,,,
Tuborg,Bulgaria,2025,Tuborg_Bulgaria_2025,FY24 C-BHT,Scaler,Carlsberg Insights Hub,in Beer study,,,
Tuborg,China,2023,Tuborg_China_2023,FY23 C-BHT,Scaler,Carlsberg Insights Hub,for Q4 only; in Beer study,,,
Tuborg,China,2024,Tuborg_China_2024,FY23 C-BHT,Scaler,Carlsberg Insights Hub,in Beer study,,,
Tuborg,China,2025,Tuborg_China_2025,FY24 C-BHT,Pioneer,Carlsberg Insights Hub,In China FY24 study,,,
Tuborg,Denmark,2024,Tuborg_Denmark_2024,FY23 C-BHT,Lead,Carlsberg Insights Hub,in Beer study,,,
Tuborg,Denmark,2025,Tuborg_Denmark_2025,FY24 C-BHT,Lead,Carlsberg Insights Hub,in Beer study,,,
Tuborg,Estonia,2024,Tuborg_Estonia_2024,FY23 C-BHT,Scaler,Carlsberg Insights Hub,in Beer study,,,
Tuborg,Estonia,2025,Tuborg_Estonia_2025,FY24 C-BHT,Scaler,Carlsberg Insights Hub,,,,
Tuborg,Greece,2024,Tuborg_Greece_2024,FY23 C-BHT,Lead,Carlsberg Insights Hub,in Mixers study,,,
Tuborg,Greece,2025,Tuborg_Greece_2025,FY24 C-BHT,N/A,Carlsberg Insights Hub,not tracked in C-BHT,,,
Tuborg,Hungary,2024,Tuborg_Hungary_2024,FY23 C-BHT,N/A,Carlsberg Insights Hub,not tracked in C-BHT,,,
Tuborg,Hungary,2025,Tuborg_Hungary_2025,FY24 C-BHT,N/A,Carlsberg Insights Hub,not tracked in C-BHT,,,
Tuborg,India,2024,Tuborg_India_2024,FY23 C-BHT,Scaler,Carlsberg Insights Hub,in Beer study,,,
Tuborg,India,2025,Tuborg_India_2025,FY24 C-BHT,Scaler,Carlsberg Insights Hub,in Beer study,,,
Tuborg,Italy,2024,Tuborg_Italy_2024,FY23 C-BHT,Scaler,Carlsberg Insights Hub,in Beer study,,,
Tuborg,Italy,2025,Tuborg_Italy_2025,FY24 C-BHT,Scaler,Carlsberg Insights Hub,in Beer study,,,
Tuborg,Latvia,2024,Tuborg_Latvia_2024,FY23 C-BHT,Scaler,Carlsberg Insights Hub,in Beer study,,,
Tuborg,Latvia,2025,Tuborg_Latvia_2025,FY24 C-BHT,N/A,Carlsberg Insights Hub,not tracked in C-BHT,,,
Tuborg,Lithuania,2024,Tuborg_Lithuania_2024,FY23 C-BHT,Scaler,Carlsberg Insights Hub,in Beer study,,,
Tuborg,Lithuania,2025,Tuborg_Lithuania_2025,FY24 C-BHT,Scaler,Carlsberg Insights Hub,in Beer study,,,
Tuborg,Montenegro,2024,Tuborg_Montenegro_2024,FY23 C-BHT,N/A,Carlsberg Insights Hub,not tracked in C-BHT,,,
Tuborg,Montenegro,2025,Tuborg_Montenegro_2025,FY24 C-BHT,N/A,Carlsberg Insights Hub,not tracked in C-BHT,,,
Tuborg,Norway,2024,Tuborg_Norway_2024,FY23 C-BHT,Lead,Carlsberg Insights Hub,in Beer study,,,
Tuborg,Norway,2025,Tuborg_Norway_2025,FY24 C-BHT,Lead,Carlsberg Insights Hub,in Beer study,,,
Tuborg,Serbia,2024,Tuborg_Serbia_2024,FY23 C-BHT,Lead,Carlsberg Insights Hub,in Beer study,,,
Tuborg,Serbia,2025,Tuborg_Serbia_2025,FY24 C-BHT,Lead,Carlsberg Insights Hub,in Beer study,,,
Tuborg,Ukraine,2024,Tuborg_Ukraine_2024,FY23 C-BHT,Scaler,Carlsberg Insights Hub,in Beer study,,,
Tuborg,Ukraine,2025,Tuborg_Ukraine_2025,FY24 C-BHT,Scaler,Carlsberg Insights Hub,In Beer Study,,,
Tuborg,Vietnam,2024,Tuborg_Vietnam_2024,FY23 C-BHT,Pioneer,Carlsberg Insights Hub,in Beer study,,,
Tuborg,Vietnam,2025,Tuborg_Vietnam_2025,FY24 C-BHT,Pioneer,Carlsberg Insights Hub,in Beer study,,,
Tuborg Squash,Denmark,2025,Tuborg Squash_Denmark_2025,FY24 C-BHT,Scaler,Carlsberg Insights Hub,In CSD Study,,,
Twist,Serbia,2024,Twist_Serbia_2024,FY23 C-BHT,Pioneer,Carlsberg Insights Hub,in Beer study,,,
Twist,Serbia,2024,Twist_Serbia_2024,FY23 C-BHT,Pioneer,Carlsberg Insights Hub,in Beer study,,,
Twist,Serbia,2025,Twist_Serbia_2025,FY24 C-BHT,Pioneer,Carlsberg Insights Hub,in Beer study,,,
Twist ,Serbia,2024,Twist _Serbia_2024,FY23 C-BHT,Pioneer,Carlsberg Insights Hub,in Beer study,,,
Twist ,Serbia,2025,Twist _Serbia_2025,FY24 C-BHT,Pioneer,Carlsberg Insights Hub,in Beer study,,,
Utenos,Lithuania,2024,Utenos_Lithuania_2024,FY23 C-BHT,Lead,Carlsberg Insights Hub,in Beer study,,,
Utenos,Lithuania,2025,Utenos_Lithuania_2025,FY24 C-BHT,Lead,Carlsberg Insights Hub,in Beer study,,,
Valaisanne,Switzerland,2024,Valaisanne_Switzerland_2024,FY23 C-BHT,Pioneer,Carlsberg Insights Hub,in Beer study,,,
Valaisanne,Switzerland,2025,Valaisanne_Switzerland_2025,FY24 C-BHT,Pioneer,Carlsberg Insights Hub,in Beer study,,,
Various,Denmark,2024,Various_Denmark_2024,FY23 C-BHT,N/A,Carlsberg Insights Hub,not tracked in C-BHT,,,
Various,Denmark,2025,Various_Denmark_2025,FY24 C-BHT,N/A,Carlsberg Insights Hub,not tracked in C-BHT,,,
Vichy,Estonia,2024,Vichy_Estonia_2024,FY23 C-BHT,N/A,Carlsberg Insights Hub,not tracked in C-BHT,,,
Vichy,Estonia,2025,Vichy_Estonia_2025,FY24 C-BHT,N/A,Carlsberg Insights Hub,not tracked in C-BHT,,,
Vichy,Lithuania,2025,Vichy_Lithuania_2025,FY24 C-BHT,N/A,Carlsberg Insights Hub,not tracked in C-BHT,,,
Wainwright,United Kingdom,2024,Wainwright_United Kingdom_2024,FY23 C-BHT,N/A,Carlsberg Insights Hub,not tracked in C-BHT,,,
Wainwright,United Kingdom,2025,Wainwright_United Kingdom_2025,FY24 C-BHT,N/A,Carlsberg Insights Hub,not tracked in C-BHT,,,
Wernesgruner,Germany,2024,Wernesgruner_Germany_2024,FY23 C-BHT,N/A,Carlsberg Insights Hub,not tracked in C-BHT,,,
Wernesgruner,Germany,2025,Wernesgruner_Germany_2025,FY24 C-BHT,N/A,Carlsberg Insights Hub,not tracked in C-BHT,,,
WFSM,China,2023,WFSM_China_2023,FY23 C-BHT,Scaler,Carlsberg Insights Hub,for Q4 only; in Beer study,,,
WFSM,China,2024,WFSM_China_2024,FY23 C-BHT,Scaler,Carlsberg Insights Hub,in Beer study,,,
WFSM,China,2025,WFSM_China_2025,FY24 C-BHT,Pioneer,Carlsberg Insights Hub,In China FY24 study,,,
Wusu,China,2023,Wusu_China_2023,FY23 C-BHT,Lead or Scaler,Carlsberg Insights Hub,for Q4 only; in Beer study,,,
Wusu,China,2024,Wusu_China_2024,FY23 C-BHT,Lead or Scaler,Carlsberg Insights Hub,in China FY23 study; league varies per region,,,
Wusu,China,2025,Wusu_China_2025,FY24 C-BHT,Lead,Carlsberg Insights Hub,In China FY24 study,,,
Xirdalan,Azerbaijan,2024,Xirdalan_Azerbaijan_2024,FY23 C-BHT,Lead,Carlsberg Insights Hub,in Beer study,,,
Xirdalan,Azerbaijan,2025,Xirdalan_Azerbaijan_2025,FY24 C-BHT,Lead,Carlsberg Insights Hub,in Beer study,,,
Xixia,China,2023,Xixia_China_2023,FY23 C-BHT,Lead,Carlsberg Insights Hub,for Q4 only; in Beer study,,,
Xixia,China,2024,Xixia_China_2024,FY23 C-BHT,Lead,Carlsberg Insights Hub,in Beer study,,,
XiXia,China,2025,XiXia_China_2025,FY24 C-BHT,Pioneer,Carlsberg Insights Hub,In China FY24 study,,,
YAU,Hong Kong,2024,YAU_Hong Kong_2024,FY23 C-BHT,N/A,Carlsberg Insights Hub,not tracked in C-BHT,,,
YAU,Hong Kong,2025,YAU_Hong Kong_2025,FY24 C-BHT,N/A,Carlsberg Insights Hub,not tracked in C-BHT,,,
Zatecky,Bulgaria,2024,Zatecky_Bulgaria_2024,FY23 C-BHT,Pioneer,Carlsberg Insights Hub,in Beer study,,,
Zatecky,Bulgaria,2025,Zatecky_Bulgaria_2025,FY24 C-BHT,Pioneer,Carlsberg Insights Hub,in Beer study,,,
Zatecky,Poland,2024,Zatecky_Poland_2024,FY23 C-BHT,Scaler,Carlsberg Insights Hub,in Beer study,,,
Zatecky,Poland,2025,Zatecky_Poland_2025,FY24 C-BHT,Scaler,Carlsberg Insights Hub,In Poland FY24 study,,,
Zingo,Sweden,2024,Zingo_Sweden_2024,FY23 C-BHT,N/A,Carlsberg Insights Hub,not tracked in C-BHT,,,
Zingo,Sweden,2025,Zingo_Sweden_2025,FY24 C-BHT,N/A,Carlsberg Insights Hub,not tracked in C-BHT,,,
Garage,Singapore,2025,Garage_Singapore_2025,FY24 C-BHT,N/A,Carlsberg Insights Hub,not tracked in C-BHT,,,
Super Manki,Lithuania,2025,Super Manki_Lithuania_2025,FY24 C-BHT,N/A,Carlsberg Insights Hub,not tracked in C-BHT,,,