raw_vendor,vendor_clean,vendor_house,vendor_type,source_of_truth,status,notes,added_by,added_at
_Placeholder,_Placeholder,_Placeholder,N/A,iProspect Carlsberg Global Team,,make sure to audit for this and ensure markets replace this by end of year when they actualise,,
Miscellaneous,_Placeholder,_Placeholder,N/A,iProspect Carlsberg Global Team,,make sure to audit for this and ensure markets replace this by end of year when they actualise,,
TBC,_Placeholder,_Placeholder,N/A,iProspect Carlsberg Global Team,,make sure to audit for this and ensure markets replace this by end of year when they actualise,,
100 Thieves,100 Thieves,100 Thieves,Local,iProspect Carlsberg Global Team,,,,
13.cl,13.cl,13.cl,Local,iProspect Carlsberg Global Team,,,,
15min.lt,15min.lt,15min.lt,Local,iProspect Carlsberg Global Team,,,,
20 Minuten,20 Minuten,20 Minuten,Local,iProspect Carlsberg Global Team,,,,
24 Kitchen,24 Kitchen,24 Kitchen,Local,iProspect Carlsberg Global Team,,,,
24H,24H,24H,Local,iProspect Carlsberg Global Team,,,,
24sata d.o.o.,24sata d.o.o.,24sata d.o.o.,Local,iProspect Carlsberg Global Team,,,,
3rdWave,3rdWave,3rdWave,Local,iProspect Carlsberg Global Team,,,,
a1ixan,a1ixan,a1ixan,Local,iProspect Carlsberg Global Team,,,,
AA,AA,AA,Local,iProspect Carlsberg Global Team,,,,
ABC,ABC,ABC,Local,iProspect Carlsberg Global Team,,,,
ACAST,ACAST,ACAST,Global,iProspect Carlsberg Global Team,,,,
ACM,ACM,ACM,Local,iProspect Carlsberg Global Team,,,,
Ad Alliance GmbH,Ad Alliance,Ad Alliance,Global,iProspect Carlsberg Global Team,,please update vendor to cleaned vendor name,,
Ad-Serving Fee / CM360 Fee (CH),Ad Serving Fee,Ad Serving Fee,N/A,iProspect Carlsberg Global Team,,"please fix vendor name; this is not a vendor it's a fee, so make sure it is only allowed to be used in ""Other"" channel",,
Adbro,Adbro,Adbro,Local,iProspect Carlsberg Global Team,,,,
Adform,Adform A/S,Adform A/S,Local,iProspect Carlsberg Global Team,,please update vendor to cleaned vendor name,,
Adform A/S,Adform A/S,Adform A/S,Local,iProspect Carlsberg Global Team,,,,
Adlion MMC,Adlion MMC,Adlion MMC,Local,iProspect Carlsberg Global Team,,,,
Admatik,Admatic,Admatic,Local,iProspect Carlsberg Global Team,,please update vendor to cleaned vendor name,,
Admeira,Admeira,Admeira,Local,iProspect Carlsberg Global Team,,,,
Admicro,Admicro,Admicro,Local,iProspect Carlsberg Global Team,,,,
Adnet,Adnet,Adnet,Local,iProspect Carlsberg Global Team,,,,
ADS,ADS,ADS,Local,iProspect Carlsberg Global Team,,please have markets fix vendor name; markets need to specify a vendor,,
Adtima,Adtima,Adtima,Local,iProspect Carlsberg Global Team,,,,
AdTop,AdTop,AdTop,Local,iProspect Carlsberg Global Team,,,,
ADV Production MMC,ADV Production MMC,ADV Production MMC,Local,iProspect Carlsberg Global Team,,,,
Aftonbladet,Aftonbladet,Aftonbladet,Local,iProspect Carlsberg Global Team,,,,
Aftonbladet - Annonsdax,Aftonbladet,Aftonbladet,Local,iProspect Carlsberg Global Team,,please update vendor to cleaned vendor name,,
Aftonbladet.se,Aftonbladet,Aftonbladet,Local,iProspect Carlsberg Global Team,,please update vendor to cleaned vendor name,,
Carat,Agency Fee,Agency Fee,Local,iProspect Carlsberg Global Team,,please update vendor to cleaned vendor name,,
DORADZTWO MEDIOWE,Agency Fee,Agency Fee,Local,iProspect Carlsberg Global Team,,please update vendor to cleaned vendor name,,
AGL Programmatisk,AGL Programmatisk,AGL Programmatisk,Local,iProspect Carlsberg Global Team,,,,
AGL Programmatisk - OLV,AGL Programmatisk,AGL Programmatisk,Local,iProspect Carlsberg Global Team,,please update vendor to cleaned vendor name,,
Agora,Agora,Agora,Local,iProspect Carlsberg Global Team,,,,
Al Arabia,Al Arabia,Al Arabia,Local,iProspect Carlsberg Global Team,,,,
Alise Plus,Alise Plus,Alise Plus,Local,iProspect Carlsberg Global Team,,,,
All Media Eesti AS,All Media Eesti AS,All Media Eesti AS,Local,iProspect Carlsberg Global Team,,,,
Aller,Aller,Aller,Local,iProspect Carlsberg Global Team,,,,
Allt om Mat,Allt om Mat,Allt om Mat,Local,iProspect Carlsberg Global Team,,,,
Allt om Trädgård,Allt om Trädgård,Allt om Trädgård,Local,iProspect Carlsberg Global Team,,,,
Alma Media,Alma Media,Alma Media,Local,iProspect Carlsberg Global Team,,,,
Alma Quattro _Paket,Alma Quattro,Alma Quattro,Local,iProspect Carlsberg Global Team,,please update vendor to cleaned vendor name,,
Alma Quattro _Regular,Alma Quattro,Alma Quattro,Local,iProspect Carlsberg Global Team,,please update vendor to cleaned vendor name,,
alphatv.gr,Alpha TV,Alpha TV,Local,iProspect Carlsberg Global Team,,please update vendor to cleaned vendor name,,
Amazon,Amazon,Amazon,Global,iProspect Carlsberg Global Team,,,,
Twitch,Amazon - Twitch,Amazon,Global,iProspect Carlsberg Global Team,,please update vendor to cleaned vendor name,,
AMELIA,AMELIA,AMELIA,Local,iProspect Carlsberg Global Team,,,,
AMM All Market Media,AMM All Market Media,AMM All Market Media,Local,iProspect Carlsberg Global Team,,,,
AMNET,AMNET,Dentsu,Global,iProspect Carlsberg Global Team,,,,
Amplifi Addressable Media,Amplifi Addressable Media,Amplifi Addressable Media,Global,iProspect Carlsberg Global Team,,,,
AMS,AMS,AMS,Local,iProspect Carlsberg Global Team,,,,
andelemandele.lv,andelemandele.lv,andelemandele.lv,Local,iProspect Carlsberg Global Team,,,,
Andreas Hansen Plakatanschlag,Andreas Hansen Plakatanschlag,Andreas Hansen Plakatanschlag,Local,iProspect Carlsberg Global Team,,,,
andro.gr,andro.gr,andro.gr,Local,iProspect Carlsberg Global Team,,,,
Another Mag,Another Mag,Another Mag,Local,iProspect Carlsberg Global Team,,,,
AntenaM.net,AntenaM.net,AntenaM.net,Local,iProspect Carlsberg Global Team,,,,
ANTENNA TV,Antenna,Antenna,Local,iProspect Carlsberg Global Team,,please update vendor to cleaned vendor name,,
antenna.gr,Antenna,Antenna,Local,iProspect Carlsberg Global Team,,please update vendor to cleaned vendor name,,
Anymind,Anymind,Anymind,Local,iProspect Carlsberg Global Team,,,,
APG | SGA,APG SGA,APG SGA,Local,iProspect Carlsberg Global Team,,please update vendor to cleaned vendor name,,
APG SGA,APG SGA,APG SGA,Local,iProspect Carlsberg Global Team,,,,
Araby Ads,Araby Ads,Araby Ads,Local,iProspect Carlsberg Global Team,,,,
ARB,ARB,ARB,Local,iProspect Carlsberg Global Team,,,,
ARB 24,ARB 24,ARB 24,Local,iProspect Carlsberg Global Team,,,,
ARENA,Arena TV,Arena TV,Local,iProspect Carlsberg Global Team,,please update vendor to cleaned vendor name,,
Arena TV,Arena TV,Arena TV,Local,iProspect Carlsberg Global Team,,,,
Artmood,Artmood,Artmood,Local,iProspect Carlsberg Global Team,,,,
AS Õhtuleht Kirjastus,AS Õhtuleht Kirjastus,AS Õhtuleht Kirjastus,Local,iProspect Carlsberg Global Team,,,,
Asiaray,Asiaray,Asiaray,Local,iProspect Carlsberg Global Team,,,,
Ask Locala,Ask Locala,Ask Locala,Local,iProspect Carlsberg Global Team,,,,
Ät & Drick,Ät & Drick,Ät & Drick,Local,iProspect Carlsberg Global Team,,,,
athensvoice.gr,athensvoice.gr,athensvoice.gr,Local,iProspect Carlsberg Global Team,,,,
Athinorama,Athinorama,Athinorama,Local,iProspect Carlsberg Global Team,,,,
AtMedia,AtMedia,AtMedia,Local,iProspect Carlsberg Global Team,,,,
Atracta,Atracta,Atracta,Local,iProspect Carlsberg Global Team,,,,
Attica,Attica,Attica,Local,iProspect Carlsberg Global Team,,,,
ATV,ATV,ATV,Local,iProspect Carlsberg Global Team,,please have markets fix vendor name; markets need to specify a vendor,,
AUDYTORIUM 17,AUDYTORIUM 17,AUDYTORIUM 17,Local,iProspect Carlsberg Global Team,,,,
Autor d.o.o.,Autor d.o.o.,Autor d.o.o.,Local,iProspect Carlsberg Global Team,,,,
Autoradio,Autoradio,Autoradio,Local,iProspect Carlsberg Global Team,,,,
AVA,AVA,AVA,Local,iProspect Carlsberg Global Team,,,,
AVTO FM_107.7 FM,AVTO FM_107.7 FM,AVTO FM_107.7 FM,Local,iProspect Carlsberg Global Team,,,,
Awk,Awk,Awk,Local,iProspect Carlsberg Global Team,,,,
awk AUSSENWERBUNG GmbH,Awk,Awk,Local,iProspect Carlsberg Global Team,,please update vendor to cleaned vendor name,,
AZ TV,AZ TV,AZ TV,Local,iProspect Carlsberg Global Team,,,,
Azeravtoreklam,Azeravtoreklam,Azeravtoreklam,Local,iProspect Carlsberg Global Team,,,,
Azerion,Azerion,Azerion,Local,iProspect Carlsberg Global Team,,,,
azmedialeague,azmedialeague,azmedialeague,Local,iProspect Carlsberg Global Team,,,,
Azreklam,Azreklam,Azreklam,Local,iProspect Carlsberg Global Team,,,,
B 92,B 92,B 92,Local,iProspect Carlsberg Global Team,,,,
Babbler & Our House_Regular,Babbler Media Marketing,Babbler Media Marketing,Local,iProspect Carlsberg Global Team,,please update vendor to cleaned vendor name,,
Babbler Media Marketing_Regular,Babbler Media Marketing,Babbler Media Marketing,Local,iProspect Carlsberg Global Team,,please update vendor to cleaned vendor name,,
Baidu,Baidu,Baidu,Local,iProspect Carlsberg Global Team,,,,
BAKU H_T FM_97.7 FM,BAKU HIT FM_97.7 FM,BAKU HIT FM_97.7 FM,Local,iProspect Carlsberg Global Team,,#N/A,,
BAKU TV,BAKU TV,BAKU TV,Local,iProspect Carlsberg Global Team,,,,
baltic digital printing (BDP),baltic digital printing (BDP),baltic digital printing (BDP),Local,iProspect Carlsberg Global Team,,,,
Båstadmagasinet,Båstadmagasinet,Båstadmagasinet,Local,iProspect Carlsberg Global Team,,,,
Bauer,Bauer Media,Bauer Media,Global,iProspect Carlsberg Global Team,,please update vendor to cleaned vendor name,,
Bauer Media,Bauer Media,Bauer Media,Global,iProspect Carlsberg Global Team,,,,
Bauer Media Outdoor,Bauer Media,Bauer Media,Global,iProspect Carlsberg Global Team,,please update vendor to cleaned vendor name,,
Bayon,Bayon,Bayon,Local,iProspect Carlsberg Global Team,,,,
BeDigital,BeDigital,BeDigital,Local,iProspect Carlsberg Global Team,,,,
Berlingske,Berlingske,Berlingske,Local,iProspect Carlsberg Global Team,,,,
Best FM,Best FM,Best FM,Local,iProspect Carlsberg Global Team,,,,
BFM TV MAX,BFM TV MAX,BFM TV MAX,Local,iProspect Carlsberg Global Team,,,,
Big,Big,Big,Local,iProspect Carlsberg Global Team,,,,
Bilibili,Bilibili,Bilibili,Local,iProspect Carlsberg Global Team,,,,
Black Box Office,Black Box Office,Black Box Office,Local,iProspect Carlsberg Global Team,,,,
Blackbird Media,Blackbird Media,Blackbird Media,Local,iProspect Carlsberg Global Team,,,,
Blic - dodatak,Blic,Blic,Local,iProspect Carlsberg Global Team,,please update vendor to cleaned vendor name,,
blic.rs,Blic,Blic,Local,iProspect Carlsberg Global Team,,please update vendor to cleaned vendor name,,
Blis,Blis,Blis,Global,iProspect Carlsberg Global Team,,,,
Bloggers,Bloggers,Bloggers,Local,iProspect Carlsberg Global Team,,please have markets fix vendor name; markets need to specify a vendor,,
BlowUp Media,BlowUp Media,BlowUp Media,Local,iProspect Carlsberg Global Team,,,,
BLUMEDIA,BLUMEDIA,BLUMEDIA,Local,iProspect Carlsberg Global Team,,,,
BMG,BMG,BMG,Local,iProspect Carlsberg Global Team,,,,
BMG - bWeb,BMG,BMG,Local,iProspect Carlsberg Global Team,,please update vendor to cleaned vendor name,,
Bold,Bold,Bold,Local,iProspect Carlsberg Global Team,,,,
Bonnier,Bonnier,Bonnier,Local,iProspect Carlsberg Global Team,,,,
Bonnier Ad Network,Bonnier,Bonnier,Local,iProspect Carlsberg Global Team,,please update vendor to cleaned vendor name,,
Bonnier news (olv),Bonnier,Bonnier,Local,iProspect Carlsberg Global Team,,please update vendor to cleaned vendor name,,
Bookascreen,Bookascreen,Bookascreen,Local,iProspect Carlsberg Global Team,,,,
Børsen,Børsen,Børsen,Local,iProspect Carlsberg Global Team,,,,
BRAINWORKZ,BRAINWORKZ,BRAINWORKZ,Local,iProspect Carlsberg Global Team,,,,
BRANDED CITIES COMPANY CANADA,BRANDED CITIES COMPANY CANADA,BRANDED CITIES COMPANY CANADA,Local,iProspect Carlsberg Global Team,,,,
BRAUGHMAN GROUP MEDIA POLAND,BRAUGHMAN GROUP MEDIA POLAND,BRAUGHMAN GROUP MEDIA POLAND,Local,iProspect Carlsberg Global Team,,,,
Bravo MTR,Bravo MTR,Bravo MTR,Local,iProspect Carlsberg Global Team,,,,
Burda Media Polska,Burda Media Polska,Burda Media Polska,Local,iProspect Carlsberg Global Team,,,,
Business Consulting,Business Consulting,Business Consulting,N/A,iProspect Carlsberg Global Team,,please check vendor name with markets and clean accordingly,,
BYYD,BYYD,BYYD,Local,iProspect Carlsberg Global Team,,,,
C8 STAR +,C8 STAR +,C8 STAR +,Local,iProspect Carlsberg Global Team,,,,
Café,Café,Café,Local,iProspect Carlsberg Global Team,,,,
Cambo,Cambo,Cambo,Local,iProspect Carlsberg Global Team,,,,
Campus Service,Campus Service,Campus Service,Local,iProspect Carlsberg Global Team,,,,
Canal+,Canal+,Canal+,Local,iProspect Carlsberg Global Team,,,,
CAPA,CAPA,CAPA,Local,iProspect Carlsberg Global Team,,,,
capital.gr,capital.gr,capital.gr,Local,iProspect Carlsberg Global Team,,,,
Carrefour,Carrefour,Carrefour,Local,iProspect Carlsberg Global Team,,,,
CCTV,CCTV,CCTV,Local,iProspect Carlsberg Global Team,,please have markets fix vendor name; markets need to specify a vendor,,
Cdm.me,Cdm.me,Cdm.me,Local,iProspect Carlsberg Global Team,,,,
CentralMedia,CentralMedia,CentralMedia,Local,iProspect Carlsberg Global Team,,,,
Changhong,Changhong,Changhong,Local,iProspect Carlsberg Global Team,,,,
Channel 4,Channel 4,Channel 4,Local,iProspect Carlsberg Global Team,,,,
Channel 4 Owned,Channel 4,Channel 4,Local,iProspect Carlsberg Global Team,,please update vendor to cleaned vendor name,,
Channel4 Partners,Channel 4,Channel 4,Local,iProspect Carlsberg Global Team,,please update vendor to cleaned vendor name,,
Channel Factory,Channel Factory,Channel Factory,Local,iProspect Carlsberg Global Team,,,,
Channel Factory Nordics AB,Channel Factory,Channel Factory,Local,iProspect Carlsberg Global Team,,please update vendor to cleaned vendor name,,
CHERIE 25,CHERIE 25,CHERIE 25,Local,iProspect Carlsberg Global Team,,,,
China Media Group Mobile,China Media Group Mobile,China Media Group Mobile,Local,iProspect Carlsberg Global Team,,,,
China Press,China Press,China Press,Local,iProspect Carlsberg Global Team,,,,
Test Cinema,Cinema,Cinema,N/A,iProspect Carlsberg Global Team,,please have markets fix vendor name; markets need to specify a vendor,,
Cinema City,Cinema City,Cinema City,Local,iProspect Carlsberg Global Team,,,,
Cineplex,Cineplex,Cineplex,Local,iProspect Carlsberg Global Team,,,,
Cinestar,Cinestar,Cinestar,Local,iProspect Carlsberg Global Team,,,,
Cinestar Action,Cinestar,Cinestar,Local,iProspect Carlsberg Global Team,,please update vendor to cleaned vendor name,,
CITIZ MEDIA,Citiz Media,Citiz Media,Local,iProspect Carlsberg Global Team,,please update vendor to cleaned vendor name,,
Citrus Media,Citrus Media,Citrus Media,Local,iProspect Carlsberg Global Team,,,,
City Media,City Media,City Media,Local,iProspect Carlsberg Global Team,,,,
Citypaketet Weekend,Citypaketet Weekend,Citypaketet Weekend,Local,iProspect Carlsberg Global Team,,,,
Cityz Media,Cityz Media,Cityz Media,Local,iProspect Carlsberg Global Team,,,,
Clear Channel,Clear Channel,Clear Channel,Global,iProspect Carlsberg Global Team,,,,
Clear Channel Latvia,Clear Channel,Clear Channel,Global,iProspect Carlsberg Global Team,,please update vendor to cleaned vendor name,,
CMC,CMC,CMC,Local,iProspect Carlsberg Global Team,,,,
cnn.gr,CNN,CNN,Global,iProspect Carlsberg Global Team,,please update vendor to cleaned vendor name,,
Coc Coc,Coc Coc,Coc Coc,Local,iProspect Carlsberg Global Team,,,,
Cody,Cody,Cody,Local,iProspect Carlsberg Global Team,,,,
COMEDIE +,COMEDIE +,COMEDIE +,Local,iProspect Carlsberg Global Team,,,,
Concept,Concept,Concept,Local,iProspect Carlsberg Global Team,,,,
Concept CPH,Concept,Concept,Local,iProspect Carlsberg Global Team,,please update vendor to cleaned vendor name,,
Consorégie,Consorégie,Consorégie,Local,iProspect Carlsberg Global Team,,,,
Context Ad Network,Context Ad Network,Context Ad Network,Local,iProspect Carlsberg Global Team,,,,
Converto,Converto,Converto,Local,iProspect Carlsberg Global Team,,,,
Criteo,Criteo,Criteo,Global,iProspect Carlsberg Global Team,,,,
CVS Screen,CVS Screen,CVS Screen,Local,iProspect Carlsberg Global Team,,,,
Dagens industri,Dagens industri,Dagens industri,Local,iProspect Carlsberg Global Team,,,,
Dagens Nyheter,Dagens Nyheter,Dagens Nyheter,Local,iProspect Carlsberg Global Team,,,,
"Dagens Nyheter, lördagsmagasinet",Dagens Nyheter,Dagens Nyheter,Local,iProspect Carlsberg Global Team,,please update vendor to cleaned vendor name,,
Dagligvarehandelen.no,Dagligvarehandelen.no,Dagligvarehandelen.no,Local,iProspect Carlsberg Global Team,,,,
Dailymotion,Dailymotion,Dailymotion,Global,iProspect Carlsberg Global Team,,,,
Damernas Varld,Damernas Varld,Damernas Varld,Local,iProspect Carlsberg Global Team,,,,
Danas,Danas,Danas,Local,iProspect Carlsberg Global Team,,,,
Dansk Reklame Film,Dansk Reklame Film,Dansk Reklame Film,Local,iProspect Carlsberg Global Team,,,,
DAZN,DAZN,DAZN,Global,iProspect Carlsberg Global Team,,,,
Delfi,Delfi,Delfi,Local,iProspect Carlsberg Global Team,,,,
Delfi TV,Delfi,Delfi,Local,iProspect Carlsberg Global Team,,please update vendor to cleaned vendor name,,
Delfi.lt,Delfi,Delfi,Local,iProspect Carlsberg Global Team,,please update vendor to cleaned vendor name,,
Delfi.lv,Delfi,Delfi,Local,iProspect Carlsberg Global Team,,please update vendor to cleaned vendor name,,
Dentsu Product& Services,Dentsu Product & Services,Dentsu,Local,iProspect Carlsberg Global Team,,please update vendor to cleaned vendor name,,
DENTSU TECH&SERVICES S.R.L.,Dentsu Product & Services,Dentsu,Local,iProspect Carlsberg Global Team,,please update vendor to cleaned vendor name,,
IPROSPECT,Dentsu Product & Services,Dentsu,Local,iProspect Carlsberg Global Team,,"please fix vendor name; this is not a vendor it's a fee, so make sure it is only allowed to be used in ""Other"" channel",,
DERG,DERG,DERG,Local,iProspect Carlsberg Global Team,,,,
DI Weekend,DI Weekend,DI Weekend,Local,iProspect Carlsberg Global Team,,,,
Didi Chuxing,Didi Chuxing,Didi Chuxing,Local,iProspect Carlsberg Global Team,,,,
Diginet,Diginet,Diginet,Local,iProspect Carlsberg Global Team,,,,
Test Digital,Digital,Digital,N/A,iProspect Carlsberg Global Team,,please have markets fix vendor name; markets need to specify a vendor,,
Digital Crew,Digital Crew,Digital Crew,Local,iProspect Carlsberg Global Team,,,,
Digital LED Screen,Digital LED Screen,Digital LED Screen,N/A,iProspect Carlsberg Global Team,,please check vendor name with markets and clean accordingly,,
Digital matter,Digital matter,Digital matter,Local,iProspect Carlsberg Global Team,,please check vendor name with markets and clean accordingly,,
Digital turbine,Digital turbine,Digital turbine,N/A,iProspect Carlsberg Global Team,,please check vendor name with markets and clean accordingly,,
Discovery,Discovery,Discovery,Global,iProspect Carlsberg Global Team,,,,
Discovery ID,Discovery ID,Discovery,Global,iProspect Carlsberg Global Team,,please update vendor to cleaned vendor name,,
Discovery Network,Discovery Network,Discovery,Global,iProspect Carlsberg Global Team,,please update vendor to cleaned vendor name,,
Discovery Networks Denmark,Discovery Network,Discovery,Global,iProspect Carlsberg Global Team,,please update vendor to cleaned vendor name,,
Discovery+ (OLV),Discovery+,Discovery,Global,iProspect Carlsberg Global Team,,please update vendor to cleaned vendor name,,
Disney,Disney,Disney,Global,iProspect Carlsberg Global Team,,should this be Disney+?,,
The Walt Disney Company Bulgaria EOOD,Disney,Disney,Global,iProspect Carlsberg Global Team,,please update vendor to cleaned vendor name,,
Disney ABC Cable Networks Gr,Disney ABC Cable Networks Gr,Disney,Global,iProspect Carlsberg Global Team,,should this be Disney+?,,
DISNEY PLUS,Disney+,Disney,Global,iProspect Carlsberg Global Team,,please update vendor to cleaned vendor name,,
Disney+,Disney+,Disney,Global,iProspect Carlsberg Global Team,,,,
DisplayNOW Zrt.,Display NOW,Display NOW,Local,iProspect Carlsberg Global Team,,please update vendor to cleaned vendor name,,
DIVA - Universal,DIVA - Universal,DIVA - Universal,Local,iProspect Carlsberg Global Team,,,,
Division,Division,Division,Local,iProspect Carlsberg Global Team,,,,
Divu krastu radio,Divu krastu radio,Divu krastu radio,Local,iProspect Carlsberg Global Team,,,,
Douyin,Douyin,Douyin,Global,iProspect Carlsberg Global Team,,,,
Douyin-Recommended feeds-Tier1 & Tier3 city,Douyin,Douyin,Global,iProspect Carlsberg Global Team,,"please fix vendor name; this is not a vendor it's a fee, so make sure it is only allowed to be used in ""Other"" channel",,
DPC_Paket,DPC,DPC,Local,iProspect Carlsberg Global Team,,please check vendor name with markets and clean accordingly,,
DPC_Regular,DPC,DPC,Local,iProspect Carlsberg Global Team,,please check vendor name with markets and clean accordingly,,
Drop8,Drop8,Drop8,Local,iProspect Carlsberg Global Team,,,,
Ducommun,Ducommun,Ducommun,Local,iProspect Carlsberg Global Team,,,,
DUNYA TV,DUNYA TV,DUNYA TV,Local,iProspect Carlsberg Global Team,,,,
DV360,DV360,DV360,Global,iProspect Carlsberg Global Team,,,,
Easy Group,Easy Group,Easy Group,Local,iProspect Carlsberg Global Team,,,,
Edgar,Edgar,Edgar,Local,iProspect Carlsberg Global Team,,,,
Ef-Ei,Ef-Ei,Ef-Ei,Local,iProspect Carlsberg Global Team,,,,
Effection,Effection,Effection,Local,iProspect Carlsberg Global Team,,,,
Effection (Trykkeri),Effection,Effection,Local,iProspect Carlsberg Global Team,,please check vendor name with markets and clean accordingly,,
Egmont,Egmont,Egmont,Local,iProspect Carlsberg Global Team,,,,
EHR group,EHR group,EHR group,Local,iProspect Carlsberg Global Team,,,,
Ekstra Bladet,Ekstra Bladet,Ekstra Bladet,Local,iProspect Carlsberg Global Team,,,,
Ekstra Bladet.dk,Ekstra Bladet,Ekstra Bladet,Local,iProspect Carlsberg Global Team,,please update vendor to cleaned vendor name,,
elkhansalayev,elkhansalayev,elkhansalayev,Local,iProspect Carlsberg Global Team,,,,
ELLE,ELLE,ELLE,Global,iProspect Carlsberg Global Team,,,,
Elle Mat & Vin,ELLE,ELLE,Global,iProspect Carlsberg Global Team,,please update vendor to cleaned vendor name,,
Emperor Cinema,Emperor Cinema,Emperor Cinema,Local,iProspect Carlsberg Global Team,,,,
Energy,Energy,Energy,Local,iProspect Carlsberg Global Team,,,,
Eska,Eska,Eska,Local,iProspect Carlsberg Global Team,,,,
Eskimi,Eskimi,Eskimi,Local,iProspect Carlsberg Global Team,,,,
Eternity X,Eternity X,Eternity X,Local,iProspect Carlsberg Global Team,,,,
Etnos,Etnos,Etnos,Local,iProspect Carlsberg Global Team,,,,
euro2day.gr,euro2day.gr,euro2day.gr,Local,iProspect Carlsberg Global Team,,,,
EuropaPlus,EuropaPlus,EuropaPlus,Local,iProspect Carlsberg Global Team,,,,
Europe 2,Europe 2,Europe 2,Local,iProspect Carlsberg Global Team,,,,
Europlakat d.o.o.,Europlakat d.o.o.,Europlakat d.o.o.,Local,iProspect Carlsberg Global Team,,,,
Eurowoman,Eurowoman,Eurowoman,Local,iProspect Carlsberg Global Team,,,,
EVOLUTION,Evolution,Evolution,Local,iProspect Carlsberg Global Team,,please update vendor to cleaned vendor name,,
EXPLORE MEDIA,Explore Media,Explore Media,Local,iProspect Carlsberg Global Team,,please update vendor to cleaned vendor name,,
Expressen,Expressen,Expressen,Local,iProspect Carlsberg Global Team,,,,
Expressen.se,Expressen,Expressen,Local,iProspect Carlsberg Global Team,,please update vendor to cleaned vendor name,,
Exterion,Exterion,Exterion,Local,iProspect Carlsberg Global Team,,,,
Eye Media,Eye Media,Eye Media,Local,iProspect Carlsberg Global Team,,,,
Femina,Femina,Femina,Local,iProspect Carlsberg Global Team,,,,
Filmstaden Media AB,Filmstaden Media AB,Filmstaden Media AB,Local,iProspect Carlsberg Global Team,,,,
Filmweb,Filmweb,Filmweb,Local,iProspect Carlsberg Global Team,,,,
Filter,Filter,Filter,Local,iProspect Carlsberg Global Team,,,,
Finnkino Media,Finnkino Media,Finnkino Media,Local,iProspect Carlsberg Global Team,,,,
Fiskejournalen,Fiskejournalen,Fiskejournalen,Local,iProspect Carlsberg Global Team,,,,
Fjälljournal,Fjälljournal,Fjälljournal,Local,iProspect Carlsberg Global Team,,,,
Flexpro,Flexpro,Flexpro,Local,iProspect Carlsberg Global Team,,,,
Focus media,Focus media,Focus media,Local,iProspect Carlsberg Global Team,,,,
FOOTBALLCO MEDIA,FootbalCo Media,FootbalCo Media,Local,iProspect Carlsberg Global Team,,please update vendor to cleaned vendor name,,
Football,Football,Football,Local,iProspect Carlsberg Global Team,,please have markets fix vendor name; markets need to specify a vendor,,
FORBES,Forbes,Forbes,Global,iProspect Carlsberg Global Team,,please update vendor to cleaned vendor name,,
FPT Play,FPT Play,FPT Play,Local,iProspect Carlsberg Global Team,,,,
France Football,France Football,France Football,Local,iProspect Carlsberg Global Team,,,,
FreakOut,FreakOut,FreakOut,Local,iProspect Carlsberg Global Team,,,,
FreakOut ID,FreakOut,FreakOut,Local,iProspect Carlsberg Global Team,,please update vendor to cleaned vendor name,,
Frimazi,Frimazi,Frimazi,Local,iProspect Carlsberg Global Team,,,,
Fun Radio,Fun Radio,Fun Radio,Local,iProspect Carlsberg Global Team,,,,
Fun TV,Fun TV,Fun TV,Local,iProspect Carlsberg Global Team,,,,
Fun TV(APK),Fun TV,Fun TV,Local,iProspect Carlsberg Global Team,,please update vendor to cleaned vendor name,,
Gaffa,Gaffa,Gaffa,Local,iProspect Carlsberg Global Team,,,,
Gamma,Gamma,Gamma,Local,iProspect Carlsberg Global Team,,,,
Gazeta.pl,Gazeta.pl,Gazeta.pl,Local,iProspect Carlsberg Global Team,,,,
gazzetta.gr,gazzetta.gr,gazzetta.gr,Local,iProspect Carlsberg Global Team,,,,
Gemius,Gemius,Gemius,Local,iProspect Carlsberg Global Team,,,,
Glob 360,Glob 360,Glob 360,Local,iProspect Carlsberg Global Team,,,,
Global,Global,Global,Local,iProspect Carlsberg Global Team,,please check vendor name with markets and clean accordingly,,
Glomex,Glomex,Glomex,Local,iProspect Carlsberg Global Team,,,,
Go Xuan,Go Xuan,Go Xuan,Local,iProspect Carlsberg Global Team,,,,
Go-card,Go-card,Go-card,Local,iProspect Carlsberg Global Team,,,,
Go2Digital d.o.o.,Go2Digital d.o.o.,Go2Digital d.o.o.,Local,iProspect Carlsberg Global Team,,,,
Goldbach,Goldbach Media,Goldbach Media,Local,iProspect Carlsberg Global Team,,please update vendor to cleaned vendor name,,
Goldbach Media,Goldbach Media,Goldbach Media,Local,iProspect Carlsberg Global Team,,,,
Goldbach NEO,Goldbach NEO,Goldbach NEO,Local,iProspect Carlsberg Global Team,,,,
GDN,Google,Google,Global,iProspect Carlsberg Global Team,,please update vendor to cleaned vendor name,,
Google,Google,Google,Global,iProspect Carlsberg Global Team,,,,
DCM,Google - DCM,Google,Global,iProspect Carlsberg Global Team,,please update vendor to cleaned vendor name,,
Google Campaign Manager (GCM),Google - DCM,Google,Global,iProspect Carlsberg Global Team,,please update vendor to cleaned vendor name,,
Google GDN,Google - GDN,Google,Global,iProspect Carlsberg Global Team,,please update vendor to cleaned vendor name,,
Google Pmax,Google - Pmax,Google,Global,iProspect Carlsberg Global Team,,please update vendor to cleaned vendor name,,
CJ Youtube,Google - YouTube,Google,Global,iProspect Carlsberg Global Team,,please update vendor to cleaned vendor name,,
GOOGLE YOUTUBE,Google - YouTube,Google,Global,iProspect Carlsberg Global Team,,please update vendor to cleaned vendor name,,
YOUTUBE,Google - YouTube,Google,Global,iProspect Carlsberg Global Team,,please update vendor to cleaned vendor name,,
Youtube - Channel Factory Nordics (olv),Google - YouTube,Google,Global,iProspect Carlsberg Global Team,,please update vendor to cleaned vendor name,,
YouTube Bumper,Google - YouTube,Google,Global,iProspect Carlsberg Global Team,,please update vendor to cleaned vendor name,,
YouTube via DV360,Google - YouTube,Google,Global,iProspect Carlsberg Global Team,,please update vendor to cleaned vendor name,,
YouTube VVC,Google - YouTube,Google,Global,iProspect Carlsberg Global Team,,please update vendor to cleaned vendor name,,
Google Search,Google-Search,Google,Global,iProspect Carlsberg Global Team,,please update vendor to cleaned vendor name,,
Göteborgs Posten,Göteborgs Posten,Göteborgs Posten,Local,iProspect Carlsberg Global Team,,,,
Gourmet,Gourmet,Gourmet,Local,iProspect Carlsberg Global Team,,,,
Gpas,Gpas,Gpas,Local,iProspect Carlsberg Global Team,,,,
Grab,Grab,Grab,Local,iProspect Carlsberg Global Team,,,,
Grammi Douka,Grammi Douka,Grammi Douka,Local,iProspect Carlsberg Global Team,,,,
Grand Media,Grand Media,Grand Media,Local,iProspect Carlsberg Global Team,,,,
Grassroots Advertising Inc.,Grassroots Advertising Inc.,Grassroots Advertising Inc.,Local,iProspect Carlsberg Global Team,,,,
Grazia,Grazia,Grazia,Local,iProspect Carlsberg Global Team,,,,
GRUPA BLIX,Grupa,Grupa,Local,iProspect Carlsberg Global Team,,please update vendor to cleaned vendor name,,
Grupa OLX,Grupa,Grupa,Local,iProspect Carlsberg Global Team,,please update vendor to cleaned vendor name,,
Grupa RMF,Grupa,Grupa,Local,iProspect Carlsberg Global Team,,please update vendor to cleaned vendor name,,
Radio Grupa d.o.o.,Grupa,Grupa,Local,iProspect Carlsberg Global Team,,please update vendor to cleaned vendor name,,
Gum Gum,Gum Gum,Gum Gum,Global,iProspect Carlsberg Global Team,,,,
Guru Media,Guru Media,Guru Media,Local,iProspect Carlsberg Global Team,,,,
H+P Aussenwerbung-Service,H+P Aussenwerbung-Service,H+P Aussenwerbung-Service,Local,iProspect Carlsberg Global Team,,,,
Hantang,Hantang,Hantang,Local,iProspect Carlsberg Global Team,,,,
Headz Marketing Partner,Headz,Headz,Local,iProspect Carlsberg Global Team,,please check vendor name with markets and clean accordingly,,
Helio,Helio,Helio,Local,iProspect Carlsberg Global Team,,,,
Hisense,Hisense,Hisense,Local,iProspect Carlsberg Global Team,,,,
Hit Music Fm,Hit Music Fm,Hit Music Fm,Local,iProspect Carlsberg Global Team,,,,
HK Tramways,HK Tramways,HK Tramways,Local,iProspect Carlsberg Global Team,,,,
HNBM,HNBM,HNBM,Local,iProspect Carlsberg Global Team,,,,
Hoffmann,Hoffmann,Hoffmann,Local,iProspect Carlsberg Global Team,,,,
Hoffmann City Media GmbH & Co. KG,Hoffmann,Hoffmann,Local,iProspect Carlsberg Global Team,,please update vendor to cleaned vendor name,,
Hololab,Hololab,Hololab,Local,iProspect Carlsberg Global Team,,,,
httpool,httpool,httpool,Local,iProspect Carlsberg Global Team,,,,
Httpool Polska,httpool,httpool,Local,iProspect Carlsberg Global Team,,please update vendor to cleaned vendor name,,
HTV,HTV,HTV,Local,iProspect Carlsberg Global Team,,,,
Hubert Burda Media,Hubert Burda Media,Hubert Burda Media,Local,iProspect Carlsberg Global Team,,,,
Hus & Hem,Hus & Hem,Hus & Hem,Local,iProspect Carlsberg Global Team,,,,
HVG,HVG,HVG,Local,iProspect Carlsberg Global Team,,,,
HYBRID ADTECH,HYBRID ADTECH,HYBRID ADTECH,Local,iProspect Carlsberg Global Team,,please check vendor name with markets and clean accordingly,,
HYGH,HYGH,HYGH,Local,iProspect Carlsberg Global Team,,,,
i-media,i-media,i-media,Local,iProspect Carlsberg Global Team,,,,
IAAC,IAAC,IAAC,Local,iProspect Carlsberg Global Team,,,,
Icon,Icon,Icon,Local,iProspect Carlsberg Global Team,,please check vendor name with markets and clean accordingly,,
iD,iD,iD,Local,iProspect Carlsberg Global Team,,,,
Ideon Media,Ideon Media,Ideon Media,Local,iProspect Carlsberg Global Team,,,,
iefimerida.gr,iefimerida.gr,iefimerida.gr,Local,iProspect Carlsberg Global Team,,,,
Iform,Iform,Iform,Local,iProspect Carlsberg Global Team,,,,
Igp Spa,Igp Spa,Igp Spa,Local,iProspect Carlsberg Global Team,,,,
IK,IK,IK,Local,iProspect Carlsberg Global Team,,,,
iMedia,iMedia,iMedia,Local,iProspect Carlsberg Global Team,,,,
In-Mall Screens,In-Mall Screens,In-Mall Screens,N/A,iProspect Carlsberg Global Team,,please check vendor name with markets and clean accordingly,,
Inbox.lv,Inbox.lv,Inbox.lv,Local,iProspect Carlsberg Global Team,,,,
Indamedia,Indamedia,Indamedia,Local,iProspect Carlsberg Global Team,,,,
Index promocija d.o.o.,Index promocija d.o.o.,Index promocija d.o.o.,Local,iProspect Carlsberg Global Team,,,,
Infinety Invest Kft,Infinety Invest Kft,Infinety Invest Kft,Local,iProspect Carlsberg Global Team,,please check vendor name with markets and clean accordingly,,
Infinity Advertising,Infinity Advertising,Infinity Advertising,Local,iProspect Carlsberg Global Team,,,,
Infinity Outdoor,Infinity Outdoor,Infinity Outdoor,Local,iProspect Carlsberg Global Team,,,,
Influasia,Influasia,Influasia,Local,iProspect Carlsberg Global Team,,,,
Inis,Inis,Inis,Local,iProspect Carlsberg Global Team,,,,
InMobi,InMobi,InMobi,Local,iProspect Carlsberg Global Team,,,,
Innity,Innity Network,Innity Network,Local,iProspect Carlsberg Global Team,,please update vendor to cleaned vendor name,,
Innity Network,Innity Network,Innity Network,Local,iProspect Carlsberg Global Team,,,,
Inovisco,Inovisco,Inovisco,Local,iProspect Carlsberg Global Team,,,,
Insert Media,Insert Media,Insert Media,Local,iProspect Carlsberg Global Team,,,,
Instore Media,Instore Media,Instore Media,Local,iProspect Carlsberg Global Team,,,,
Interbus,Interbus,Interbus,Local,iProspect Carlsberg Global Team,,,,
Interia,Interia,Interia,Local,iProspect Carlsberg Global Team,,,,
Investigation Discovery,Investigation Discovery,Investigation Discovery,Local,iProspect Carlsberg Global Team,,,,
IPAS S.P.A.,IPAS S.P.A.,IPAS S.P.A.,Local,iProspect Carlsberg Global Team,,,,
iPinyou/iFlytek/Bronze/Google/Toutiao,iPinyou,iPinyou,Local,iProspect Carlsberg Global Team,,please check vendor name with markets and clean accordingly,,
iQiyi,iQiyi,iQiyi,Local,iProspect Carlsberg Global Team,,,,
iqsportsagency,iqsportsagency,iqsportsagency,Local,iProspect Carlsberg Global Team,,,,
ITV,ITV,ITV,Local,iProspect Carlsberg Global Team,,,,
ITV X,ITV X,ITV X,Local,iProspect Carlsberg Global Team,,,,
Jamila,Jamila,Jamila,Local,iProspect Carlsberg Global Team,,,,
Jauns.lv,Jauns.lv,Jauns.lv,Local,iProspect Carlsberg Global Team,,,,
Javid Bayramli,Javid Bayramli,Javid Bayramli,Local,iProspect Carlsberg Global Team,,,,
AFA Decaux,JC Decaux,JC Decaux,Global,iProspect Carlsberg Global Team,,please update vendor to cleaned vendor name,,
AFA JCDecaux,JC Decaux,JC Decaux,Global,iProspect Carlsberg Global Team,,please update vendor to cleaned vendor name,,
JC Decaux,JC Decaux,JC Decaux,Global,iProspect Carlsberg Global Team,,please update vendor to cleaned vendor name,,
JCDecaux,JC Decaux,JC Decaux,Global,iProspect Carlsberg Global Team,,please update vendor to cleaned vendor name,,
JCDecaux Latvia,JC Decaux,JC Decaux,Global,iProspect Carlsberg Global Team,,please update vendor to cleaned vendor name,,
IGPDECAUX S.P.A.,JC Decaux - IGP,JC Decaux,Global,iProspect Carlsberg Global Team,,please update vendor to cleaned vendor name,,
Jetline,Jetline,Jetline,Local,iProspect Carlsberg Global Team,,,,
JM Network,JM Network,JM Network,Local,iProspect Carlsberg Global Team,,,,
JP DMC,JP DMC,JP DMC,Local,iProspect Carlsberg Global Team,,,,
Jyllandsposten,Jyllandsposten,Jyllandsposten,Local,iProspect Carlsberg Global Team,,,,
K Plus TV,K Plus TV,K Plus TV,Local,iProspect Carlsberg Global Team,,,,
Kakao DA,Kakao,Kakao,Local,iProspect Carlsberg Global Team,,please update vendor to cleaned vendor name,,
Kakao VA,Kakao,Kakao,Local,iProspect Carlsberg Global Team,,please update vendor to cleaned vendor name,,
Kanal 5,Kanal 5,Kanal 5,Local,iProspect Carlsberg Global Team,,,,
Kärkimedia,Kärkimedia,Kärkimedia,Local,iProspect Carlsberg Global Team,,,,
kathimerini.gr,kathimerini.gr,kathimerini.gr,Local,iProspect Carlsberg Global Team,,,,
Kenguru media,Kenguru media,Kenguru media,Local,iProspect Carlsberg Global Team,,please check vendor name with markets and clean accordingly,,
khosro088,khosro088,khosro088,Local,iProspect Carlsberg Global Team,,,,
King,King,King,Local,iProspect Carlsberg Global Team,,,,
King Jer,King Jer,King Jer,Local,iProspect Carlsberg Global Team,,,,
Klambt-Verlag GmbH & Co. KG,Klambt-Verlag GmbH & Co. KG,Klambt-Verlag GmbH & Co. KG,Local,iProspect Carlsberg Global Team,,,,
Konbini,Konbini,Konbini,Local,iProspect Carlsberg Global Team,,,,
Konka,Konka,Konka,Local,iProspect Carlsberg Global Team,,,,
Kuaikan,Kuaikan,Kuaikan,Local,iProspect Carlsberg Global Team,,,,
kuaishou,kuaishou,kuaishou,Local,iProspect Carlsberg Global Team,,,,
Kurir - dodatak,Kurir,Kurir,Local,iProspect Carlsberg Global Team,,please update vendor to cleaned vendor name,,
Kurir TV,Kurir,Kurir,Local,iProspect Carlsberg Global Team,,please update vendor to cleaned vendor name,,
Kurzemes radio,Kurzemes radio,Kurzemes radio,Local,iProspect Carlsberg Global Team,,please check vendor name with markets and clean accordingly,,
Kvällspresspaketet,Kvällspresspaketet,Kvällspresspaketet,Local,iProspect Carlsberg Global Team,,,,
Kwog Wah,Kwog Wah,Kwog Wah,Local,iProspect Carlsberg Global Team,,,,
L'Equipe,L'Equipe,L'Equipe,Local,iProspect Carlsberg Global Team,,,,
L'Officiel,L'Officiel,L'Officiel,Local,iProspect Carlsberg Global Team,,,,
La7,La7,La7,Local,iProspect Carlsberg Global Team,,,,
ladylike.gr,ladylike.gr,ladylike.gr,Local,iProspect Carlsberg Global Team,,,,
Laguna DB Sdn Bhd,Laguna DB Sdn Bhd,Laguna DB Sdn Bhd,Local,iProspect Carlsberg Global Team,,,,
Lampsi FM,Lampsi FM,Lampsi FM,Local,iProspect Carlsberg Global Team,,,,
Lantliv,Lantliv,Lantliv,Local,iProspect Carlsberg Global Team,,,,
Large Digital LED Screen,Large Digital LED Screen,Large Digital LED Screen,N/A,iProspect Carlsberg Global Team,,please check vendor name with markets and clean accordingly,,
Lasicilia,Lasicilia,Lasicilia,Local,iProspect Carlsberg Global Team,,,,
Lauko reklama,Lauko reklama,Lauko reklama,Local,iProspect Carlsberg Global Team,,,,
Lava,Lava,Lava,Local,iProspect Carlsberg Global Team,,,,
LCI,LCI,LCI,Local,iProspect Carlsberg Global Team,,,,
Le Bon Collectif,Le Bon Collectif,Le Bon Collectif,Local,iProspect Carlsberg Global Team,,,,
Le Bonbon,Le Bonbon,Le Bonbon,Local,iProspect Carlsberg Global Team,,,,
Lebo,Lebo,Lebo,Local,iProspect Carlsberg Global Team,,,,
Leeads,Leeads,Leeads,Local,iProspect Carlsberg Global Team,,,,
Leeads - DOOH / AC,Leeads,Leeads,Local,iProspect Carlsberg Global Team,,please update vendor to cleaned vendor name,,
Leila Nasirli,Leila Nasirli,Leila Nasirli,Local,iProspect Carlsberg Global Team,,,,
Les Indés Radio,Les Indés Radio,Les Indés Radio,Local,iProspect Carlsberg Global Team,,,,
Leva & Bo,Leva & Bo,Leva & Bo,Local,iProspect Carlsberg Global Team,,,,
LG TV,LG TV,LG TV,Global,iProspect Carlsberg Global Team,,,,
Liberal.gr,Liberal.gr,Liberal.gr,Local,iProspect Carlsberg Global Team,,,,
Life Style,Life Style,Life Style,Local,iProspect Carlsberg Global Team,,,,
Lifestyle Asia,Life Style,Life Style,Local,iProspect Carlsberg Global Team,,please update vendor to cleaned vendor name,,
lifo.gr,lifo.gr,lifo.gr,Local,iProspect Carlsberg Global Team,,,,
Limes,Limes,Limes,Local,iProspect Carlsberg Global Team,,,,
LinkedIn,LinkedIn,LinkedIn,Global,iProspect Carlsberg Global Team,,,,
Listonic,Listonic,Listonic,Local,iProspect Carlsberg Global Team,,,,
Livesystems,Livesystems,Livesystems,Local,iProspect Carlsberg Global Team,,,,
Livstil24,Livstil24,Livstil24,Local,iProspect Carlsberg Global Team,,,,
LNK,LNK,LNK,Local,iProspect Carlsberg Global Team,,please check vendor name with markets and clean accordingly,,
LOCAL LEADER,LOCAL LEADER,LOCAL LEADER,N/A,iProspect Carlsberg Global Team,,please check vendor name with markets and clean accordingly,,
Locala,Locala,Locala,Local,iProspect Carlsberg Global Team,,,,
Logotipo projektai,Logotipo projektai,Logotipo projektai,Local,iProspect Carlsberg Global Team,,,,
Lokalne Radio Stanice,Lokalne Radio Stanice,Lokalne Radio Stanice,Local,iProspect Carlsberg Global Team,,,,
Love Radio,Love Radio,Love Radio,Local,iProspect Carlsberg Global Team,,,,
lrytas.lt,lrytas.lt,lrytas.lt,Local,iProspect Carlsberg Global Team,,,,
Lumen Research Ltds.,Lumen,Lumen,Global,iProspect Carlsberg Global Team,,please check vendor name with markets and clean accordingly,,
Lux FM,Lux FM,Lux FM,Local,iProspect Carlsberg Global Team,,,,
M6,M6,M6,Local,iProspect Carlsberg Global Team,,,,
M6 MUSIC,M6,M6,Local,iProspect Carlsberg Global Team,,please check vendor name with markets and clean accordingly,,
MADAM,MADAM,MADAM,Local,iProspect Carlsberg Global Team,,,,
Madhouse Advertising Kft.,Madhouse Advertising Kft.,Madhouse Advertising Kft.,Local,iProspect Carlsberg Global Team,,please check vendor name with markets and clean accordingly,,
madinapilates,madinapilates,madinapilates,Local,iProspect Carlsberg Global Team,,,,
Mango TV,Mango TV,Mango TV,Local,iProspect Carlsberg Global Team,,,,
Matmagasinet,Matmagasinet,Matmagasinet,Local,iProspect Carlsberg Global Team,,,,
Max,Max,Max,Local,iProspect Carlsberg Global Team,,,,
Max TV,Max,Max,Local,iProspect Carlsberg Global Team,,please update vendor to cleaned vendor name,,
maxetise,maxetise,maxetise,Local,iProspect Carlsberg Global Team,,,,
Maximus,Maximus,Maximus,Local,iProspect Carlsberg Global Team,,,,
MCM,MCM,MCM,Local,iProspect Carlsberg Global Team,,,,
Media Direct Norge,Media Direct Norge,Media Direct Norge,Local,iProspect Carlsberg Global Team,,,,
Media Planet,Media Planet,Media Planet,Local,iProspect Carlsberg Global Team,,,,
Media Prima Omnia,Media Prima Omnia,Media Prima Omnia,Local,iProspect Carlsberg Global Team,,,,
Media Services Company Magyarország Kft.,Media Services Company Hungary,Media Services Company Hungary,Local,iProspect Carlsberg Global Team,,please check vendor name with markets and clean accordingly,,
Mediagares,Mediagares,Mediagares,Local,iProspect Carlsberg Global Team,,,,
Mediakompaniet,Mediakompaniet,Mediakompaniet,Local,iProspect Carlsberg Global Team,,please check vendor name with markets and clean accordingly,,
MEDIAPERFORMANCES,MEDIAPERFORMANCES,MEDIAPERFORMANCES,Local,iProspect Carlsberg Global Team,,please check vendor name with markets and clean accordingly,,
Mediasmart,Mediasmart,Mediasmart,Local,iProspect Carlsberg Global Team,,,,
Mediateko,Mediateko,Mediateko,Local,iProspect Carlsberg Global Team,,,,
Mediatransports,Mediatransports,Mediatransports,Local,iProspect Carlsberg Global Team,,please check vendor name with markets and clean accordingly,,
Mediaworks Hungary Zrt.,Mediaworks,Mediaworks,Local,iProspect Carlsberg Global Team,,please check vendor name with markets and clean accordingly,,
megatv.com,megatv.com,megatv.com,Local,iProspect Carlsberg Global Team,,,,
Megogo,Megogo,Megogo,Local,iProspect Carlsberg Global Team,,,,
Meitu,Meitu,Meitu,Local,iProspect Carlsberg Global Team,,,,
Meiyan,Meiyan,Meiyan,Local,iProspect Carlsberg Global Team,,,,
MEKS,MEKS,MEKS,Local,iProspect Carlsberg Global Team,,,,
Facebook/Instagram,Meta - Facebook and Instagram,Meta,Global,iProspect Carlsberg Global Team,,please update vendor to cleaned vendor name,,
Meta,Meta - Facebook and Instagram,Meta,Global,iProspect Carlsberg Global Team,,please update vendor to cleaned vendor name,,
Facebook Poland,Meta - Facebook only,Meta,Global,iProspect Carlsberg Global Team,,please update vendor to cleaned vendor name,,
Instagram,Meta - Instagram only,Meta,Global,iProspect Carlsberg Global Team,,please update vendor to cleaned vendor name,,
METROBUS,METROBUS,METROBUS,Local,iProspect Carlsberg Global Team,,,,
Metropolis,Metropolis,Metropolis,Local,iProspect Carlsberg Global Team,,,,
Midi Olympique,Midi Olympique,Midi Olympique,Local,iProspect Carlsberg Global Team,,,,
Migu Video,Migu Video,Migu Video,Local,iProspect Carlsberg Global Team,,,,
MiQ,MiQ,MiQ,Global,iProspect Carlsberg Global Team,,,,
Mirror,Mirror,Mirror,Local,iProspect Carlsberg Global Team,,,,
Mittelbayerische PW,Mittelbayerische PW,Mittelbayerische PW,Local,iProspect Carlsberg Global Team,,,,
Mix TV Channels,Mix TV Channels,Mix TV Channels,N/A,iProspect Carlsberg Global Team,,please check vendor name with markets and clean accordingly,,
MNEmagazin.me,MNEmagazin.me,MNEmagazin.me,Local,iProspect Carlsberg Global Team,,,,
Moderne Media,Moderne Media,Moderne Media,Local,iProspect Carlsberg Global Team,,,,
Moji Weather,Moji Weather,Moji Weather,Local,iProspect Carlsberg Global Team,,,,
mondo.rs,mondo.rs,mondo.rs,Local,iProspect Carlsberg Global Team,,,,
Montréal La Presse (GESCA),Montréal La Presse (GESCA),Montréal La Presse (GESCA),Local,iProspect Carlsberg Global Team,,,,
Moon,Moon,Moon,Local,iProspect Carlsberg Global Team,,,,
MORGAN,MORGAN,MORGAN,Local,iProspect Carlsberg Global Team,,,,
Moveit Media,Moveit Media,Moveit Media,Local,iProspect Carlsberg Global Team,,,,
MR.HONG KITCHEN,MR.HONG KITCHEN,MR.HONG KITCHEN,Local,iProspect Carlsberg Global Team,,,,
MTV Katsomo,MTV,MTV,Local,iProspect Carlsberg Global Team,,please update vendor to cleaned vendor name,,
MTV Media,MTV,MTV,Local,iProspect Carlsberg Global Team,,please update vendor to cleaned vendor name,,
MTV3,MTV3,MTV,Local,iProspect Carlsberg Global Team,,,,
Multi Channel Network,Multi Channel Network,Multi Channel Network,Global,iProspect Carlsberg Global Team,,,,
Multikino Media,Multikino Media,Multikino Media,Local,iProspect Carlsberg Global Team,,,,
MY FM,MY FM,MY FM,Local,iProspect Carlsberg Global Team,,,,
MyTF1,MyTF1,TF1,Local,iProspect Carlsberg Global Team,,,,
N.S. MÉDIA ÉS VAGYONKEZEL_ Kft,N.S. Media and Asset Management,N.S. Media and Asset Management,Local,iProspect Carlsberg Global Team,,#N/A,,
Naftemporiki,Naftemporiki,Naftemporiki,Local,iProspect Carlsberg Global Team,,,,
Nanyang,Nanyang,Nanyang,Local,iProspect Carlsberg Global Team,,,,
Narodna TV,Narodna TV,Narodna TV,Local,iProspect Carlsberg Global Team,,,,
natigzarbali_auto,natigzarbali_auto,natigzarbali_auto,Local,iProspect Carlsberg Global Team,,,,
National Geographic,National Geographic,Disney,Global,iProspect Carlsberg Global Team,,,,
Naturkompaniet,Naturkompaniet,Naturkompaniet,Local,iProspect Carlsberg Global Team,,,,
Naver GFA,Naver GFA,Naver GFA,Local,iProspect Carlsberg Global Team,,,,
Naxi Radio,Naxi Radio,Naxi Radio,Local,iProspect Carlsberg Global Team,,,,
NBG,NBG,NBG,Local,iProspect Carlsberg Global Team,,,,
NBG - Netinfo,NBG,NBG,Local,iProspect Carlsberg Global Team,,please update vendor to cleaned vendor name,,
NCV,NCV,NCV,Local,iProspect Carlsberg Global Team,,,,
Nedeljnik,Nedeljnik,Nedeljnik,Local,iProspect Carlsberg Global Team,,,,
Nemlig.com,Nemlig.com,Nemlig.com,Local,iProspect Carlsberg Global Team,,,,
NetEase cloud music,NetEase cloud music,NetEase,Local,iProspect Carlsberg Global Team,,,,
NetEase News,NetEase News,NetEase,Local,iProspect Carlsberg Global Team,,,,
Netflix,Netflix,Netflix,Global,iProspect Carlsberg Global Team,,,,
Netinfo,Netinfo,Netinfo,Local,iProspect Carlsberg Global Team,,,,
New Age,New Age,New Age,Local,iProspect Carlsberg Global Team,,,,
New Age Media,New Age,New Age,Local,iProspect Carlsberg Global Team,,please update vendor to cleaned vendor name,,
New Line,New Line,New Line,Local,iProspect Carlsberg Global Team,,,,
New Media,New Media,New Media,Local,iProspect Carlsberg Global Team,,,,
News factory (tennismagasinet),News factory (tennismagasinet),News factory (tennismagasinet),Local,iProspect Carlsberg Global Team,,,,
news247.gr,news247.gr,news247.gr,Local,iProspect Carlsberg Global Team,,,,
NewTV,NewTV,NewTV,Local,iProspect Carlsberg Global Team,,,,
Nigar Kalbiyeva,Nigar Kalbiyeva,Nigar Kalbiyeva,Local,iProspect Carlsberg Global Team,,,,
Nightpay,Nightpay,Nightpay,Local,iProspect Carlsberg Global Team,,,,
NKC,NKC,NKC,Local,iProspect Carlsberg Global Team,,,,
Nosalty,Nosalty,Nosalty,Local,iProspect Carlsberg Global Team,,,,
Nostemedia/YOC,Nostemedia/YOC,Nostemedia/YOC,Local,iProspect Carlsberg Global Team,,,,
Nova,NOVA,NOVA,Local,iProspect Carlsberg Global Team,,,,
Nova M,NOVA,NOVA,Local,iProspect Carlsberg Global Team,,please update vendor to cleaned vendor name,,
NOVA MAX,NOVA,NOVA,Local,iProspect Carlsberg Global Team,,please update vendor to cleaned vendor name,,
NOVA S,NOVA,NOVA,Local,iProspect Carlsberg Global Team,,please update vendor to cleaned vendor name,,
NOVA SERIES,NOVA,NOVA,Local,iProspect Carlsberg Global Team,,please update vendor to cleaned vendor name,,
Nova TV d.d.,NOVA,NOVA,Local,iProspect Carlsberg Global Team,,please update vendor to cleaned vendor name,,
nova.rs,NOVA,NOVA,Local,iProspect Carlsberg Global Team,,please update vendor to cleaned vendor name,,
Novasports.gr,Novasports.gr,Novasports.gr,Local,iProspect Carlsberg Global Team,,,,
Now Broadband TV,Now Broadband TV,Now Broadband TV,Local,iProspect Carlsberg Global Team,,,,
NRJ,NRJ,NRJ,Local,iProspect Carlsberg Global Team,,,,
NRJ 12,NRJ 12,NRJ 12,Local,iProspect Carlsberg Global Team,,,,
NRJ Hits,NRJ Hits,NRJ Hits,Local,iProspect Carlsberg Global Team,,,,
NT House,NT House,NT House,Local,iProspect Carlsberg Global Team,,,,
Nushaba Gandil,Nushaba Gandil,Nushaba Gandil,Local,iProspect Carlsberg Global Team,,,,
Nyu Layn.az MMC,Nyu Layn.az MMC,Nyu Layn.az MMC,Local,iProspect Carlsberg Global Team,,,,
Ocean Media,Ocean Outdoor,Ocean Outdoor,Local,iProspect Carlsberg Global Team,,please update vendor to cleaned vendor name,,
Ocean Outdoor,Ocean Outdoor,Ocean Outdoor,Local,iProspect Carlsberg Global Team,,,,
OCM,OCM,OCM,Local,iProspect Carlsberg Global Team,,please check vendor name with markets and clean accordingly,,
Offside,Offside,Offside,N/A,iProspect Carlsberg Global Team,,please have markets fix vendor name; markets need to specify a vendor,,
OneBrandStudio,OneBrandStudio,OneBrandStudio,Local,iProspect Carlsberg Global Team,,,,
Oneman.gr,Oneman.gr,Oneman.gr,Local,iProspect Carlsberg Global Team,,,,
Online Cinema,Online Cinema,Online Cinema,N/A,iProspect Carlsberg Global Team,,please have markets fix vendor name; markets need to specify a vendor,,
OOH Labs,OOH Labs,OOH Labs,N/A,iProspect Carlsberg Global Team,,please have markets fix vendor name; markets need to specify a vendor,,
Open Mobi,Open Mobi,Open Mobi,Local,iProspect Carlsberg Global Team,,,,
Open Outdoor,Open Outdoor,Open Outdoor,Local,iProspect Carlsberg Global Team,,,,
Openrice,Openrice,Openrice,Local,iProspect Carlsberg Global Team,,,,
ot.gr,ot.gr,ot.gr,Local,iProspect Carlsberg Global Team,,,,
N/A,Other,Other,N/A,iProspect Carlsberg Global Team,,please have markets fix vendor name; markets need to specify a vendor,,
N1,Other,Other,N/A,iProspect Carlsberg Global Team,,please have markets fix vendor name; markets need to specify a vendor,,
NA,Other,Other,N/A,iProspect Carlsberg Global Team,,please have markets fix vendor name; markets need to specify a vendor,,
NA_1,Other,Other,N/A,iProspect Carlsberg Global Team,,please have markets fix vendor name; markets need to specify a vendor,,
Test Other,Other,Other,N/A,iProspect Carlsberg Global Team,,please have markets fix vendor name; markets need to specify a vendor,,
Various,Other,Other,N/A,iProspect Carlsberg Global Team,,please check vendor name with markets and clean accordingly,,
Othoni,Othoni,Othoni,Local,iProspect Carlsberg Global Team,,,,
Otvoreni radio,Otvoreni radio,Otvoreni radio,Local,iProspect Carlsberg Global Team,,,,
Out of Home Media,Out of Home Media,Out of Home Media,N/A,iProspect Carlsberg Global Team,,please have markets fix vendor name; markets need to specify a vendor,,
Outdoor Akzent,Outdoor Akzent,Outdoor Akzent,Local,iProspect Carlsberg Global Team,,please check vendor name with markets and clean accordingly,,
Outshine,Outshine,Outshine,Local,iProspect Carlsberg Global Team,,,,
Panorama & Printkonzept,Panorama & Printkonzept,Panorama & Printkonzept,Local,iProspect Carlsberg Global Team,,,,
PARIS PREMIERE,PARIS PREMIERE,PARIS PREMIERE,Local,iProspect Carlsberg Global Team,,,,
paster.blessed,paster.blessed,paster.blessed,Local,iProspect Carlsberg Global Team,,,,
Pavilion Kuala Lumpur,Pavilion Kuala Lumpur,Pavilion Kuala Lumpur,Local,iProspect Carlsberg Global Team,,,,
Peach - Adtoox AB,Peach - Adtoox AB,Peach - Adtoox AB,Local,iProspect Carlsberg Global Team,,,,
Pearl and Dean,Pearl and Dean,Pearl and Dean,Local,iProspect Carlsberg Global Team,,,,
Phenix,Phoenix,Phoenix,Local,iProspect Carlsberg Global Team,,please check vendor name with markets and clean accordingly,,
Phenix Groupe,Phoenix,Phoenix,Local,iProspect Carlsberg Global Team,,please check vendor name with markets and clean accordingly,,
PingerPRO,PingerPRO,PingerPRO,Local,iProspect Carlsberg Global Team,,,,
Pink,Pink,Pink,Local,iProspect Carlsberg Global Team,,,,
Pink Action,Pink,Pink,Local,iProspect Carlsberg Global Team,,please update vendor to cleaned vendor name,,
Pink Comedy,Pink,Pink,Local,iProspect Carlsberg Global Team,,please update vendor to cleaned vendor name,,
Pink Film,Pink,Pink,Local,iProspect Carlsberg Global Team,,please update vendor to cleaned vendor name,,
Pink M,Pink,Pink,Local,iProspect Carlsberg Global Team,,please update vendor to cleaned vendor name,,
Pink Movies,Pink,Pink,Local,iProspect Carlsberg Global Team,,please update vendor to cleaned vendor name,,
Pink Premium,Pink,Pink,Local,iProspect Carlsberg Global Team,,please update vendor to cleaned vendor name,,
Pinterest,Pinterest,Pinterest,Global,iProspect Carlsberg Global Team,,,,
PLAKATUNION,PLAKATUNION,PLAKATUNION,Local,iProspect Carlsberg Global Team,,,,
PLANETE +,PLANETE +,PLANETE +,Local,iProspect Carlsberg Global Team,,,,
PLANETE + CRIME ET INVESTIGATION,PLANETE +,PLANETE +,Local,iProspect Carlsberg Global Team,,please update vendor to cleaned vendor name,,
Play,Play,Play,Local,iProspect Carlsberg Global Team,,,,
PlayEatEasy,PlayEatEasy,PlayEatEasy,Local,iProspect Carlsberg Global Team,,,,
Playground XYZ,Playground XYZ,Playground XYZ,Global,iProspect Carlsberg Global Team,,,,
Plaza Kvinna,Plaza Kvinna,Plaza Kvinna,Local,iProspect Carlsberg Global Team,,,,
Pluto (olv),Pluto,Pluto,Local,iProspect Carlsberg Global Team,,please check vendor name with markets and clean accordingly,,
PNN,PNN,PNN,Local,iProspect Carlsberg Global Team,,,,
POAD,POAD,POAD,Local,iProspect Carlsberg Global Team,,,,
Podads,Podads,Podads,Local,iProspect Carlsberg Global Team,,please check vendor name with markets and clean accordingly,,
Podcast Sponsorship,Podcast Sponsorship,Podcast Sponsorship,Local,iProspect Carlsberg Global Team,,please have markets fix vendor name; markets need to specify a vendor,,
Podspace,Podspace,Podspace,Local,iProspect Carlsberg Global Team,,please check vendor name with markets and clean accordingly,,
Politika - poznati kuvaju,Politika,Politika,Local,iProspect Carlsberg Global Team,,please check vendor name with markets and clean accordingly,,
Politiken,Politiken,Politiken,Local,iProspect Carlsberg Global Team,,,,
Politis OOH,Politis,Politis,Local,iProspect Carlsberg Global Team,,please check vendor name with markets and clean accordingly,,
Polsat,Polsat,Polsat,Local,iProspect Carlsberg Global Team,,,,
Polsat Media,Polsat,Polsat,Local,iProspect Carlsberg Global Team,,please update vendor to cleaned vendor name,,
PoolOne Giant Media GmbH,PoolOne Giant Media GmbH,PoolOne Giant Media GmbH,Local,iProspect Carlsberg Global Team,,,,
Pops,Pops,Pops,Local,iProspect Carlsberg Global Team,,,,
Poster,Poster,Poster,Local,iProspect Carlsberg Global Team,,please have markets fix vendor name; markets need to specify a vendor,,
Postimees Grupp,Postimees,Postimees,Local,iProspect Carlsberg Global Team,,please update vendor to cleaned vendor name,,
Postimees.ee,Postimees,Postimees,Local,iProspect Carlsberg Global Team,,please update vendor to cleaned vendor name,,
Power Hit Radio,Power Hit Radio,Power Hit Radio,Local,iProspect Carlsberg Global Team,,,,
PPN,PPN,PPN,Local,iProspect Carlsberg Global Team,,,,
Privata Affärer,Privata Affärer,Privata Affärer,Local,iProspect Carlsberg Global Team,,,,
ProAd,ProAd,ProAd,Local,iProspect Carlsberg Global Team,,,,
ProBeer DagligvareSpesial,ProBeer,ProBeer,Local,iProspect Carlsberg Global Team,,please update vendor to cleaned vendor name,,
ProBeer Uteliv,ProBeer,ProBeer,Local,iProspect Carlsberg Global Team,,please update vendor to cleaned vendor name,,
Project Agora Ltd.,Project Agora Ltd.,Project Agora Ltd.,Local,iProspect Carlsberg Global Team,,please check vendor name with markets and clean accordingly,,
Prokurator,Prokurator,Prokurator,Local,iProspect Carlsberg Global Team,,,,
Promofix,Promofix,Promofix,Local,iProspect Carlsberg Global Team,,,,
Promotons Poland,Promotions Poland,Promotions Poland,N/A,iProspect Carlsberg Global Team,,please check vendor name with markets and clean accordingly,,
protothema.gr,protothema.gr,protothema.gr,Local,iProspect Carlsberg Global Team,,,,
Proxi.Cloud,Proxi.Cloud,Proxi.Cloud,Local,iProspect Carlsberg Global Team,,,,
Prva TV,Prva TV,Prva TV,Local,iProspect Carlsberg Global Team,,,,
PUBLITALIA '80 S.P.A.,PUBLITALIA '80 S.P.A.,PUBLITALIA '80 S.P.A.,Local,iProspect Carlsberg Global Team,,,,
Puissance TNT,Puissance TNT,Puissance TNT,Local,iProspect Carlsberg Global Team,,,,
PunaMusta Digital,PunaMusta Digital,PunaMusta Digital,Local,iProspect Carlsberg Global Team,,,,
QQ music,QQ music,QQ music,Local,iProspect Carlsberg Global Team,,,,
queen.gr,queen.gr,queen.gr,Local,iProspect Carlsberg Global Team,,,,
Questpass,Questpass,Questpass,Local,iProspect Carlsberg Global Team,,,,
QX,QX,QX,Local,iProspect Carlsberg Global Team,,,,
Radio Lola,Radio Lola,Radio Lola,Local,iProspect Carlsberg Global Team,,,,
Radio Play,Radio Play,Radio Play,Local,iProspect Carlsberg Global Team,,,,
Radio S1 - Radio S,Radio S1 - Radio S,Radio S1 - Radio S,Local,iProspect Carlsberg Global Team,,,,
Radio S2 - Index Radio,Radio S2 - Index Radio,Radio S2 - Index Radio,Local,iProspect Carlsberg Global Team,,,,
Radio S3 - Pingvin Radio,Radio S3 - Pingvin Radio,Radio S3 - Pingvin Radio,Local,iProspect Carlsberg Global Team,,,,
Rakuten (OLV) SEK,Rakuten,Rakuten,Global,iProspect Carlsberg Global Team,,please update vendor to cleaned vendor name,,
RASP,RASP,RASP,Local,iProspect Carlsberg Global Team,,,,
ratpack.gr,ratpack.gr,ratpack.gr,Local,iProspect Carlsberg Global Team,,,,
RBL Media,RBL Media,RBL Media,Local,iProspect Carlsberg Global Team,,,,
Reachbird,Reachbird,Reachbird,Local,iProspect Carlsberg Global Team,,,,
reader.gr,reader.gr,reader.gr,Local,iProspect Carlsberg Global Team,,,,
REAL,REAL,REAL,Local,iProspect Carlsberg Global Team,,,,
REDDIT,Reddit,Reddit,Global,iProspect Carlsberg Global Team,,please update vendor to cleaned vendor name,,
Reklamos arka,Reklamos arka,Reklamos arka,Local,iProspect Carlsberg Global Team,,,,
Retail Media GmbH,Retail Media GmbH,Retail Media GmbH,Local,iProspect Carlsberg Global Team,,please have markets fix vendor name; markets need to specify a vendor,,
REWE,REWE,REWE,Local,iProspect Carlsberg Global Team,,,,
RFM TV,RFM TV,RFM TV,Local,iProspect Carlsberg Global Team,,,,
Ringier,Ringier,Ringier,Local,iProspect Carlsberg Global Team,,,,
Ringier Axel Springer Polska,Ringier,Ringier,Local,iProspect Carlsberg Global Team,,please update vendor to cleaned vendor name,,
Rire & Chansons,Rire & Chansons,Rire & Chansons,Local,iProspect Carlsberg Global Team,,,,
RMC 2,RMC 2,RMC 2,Local,iProspect Carlsberg Global Team,,,,
RMC Info,RMC Info,RMC Info,Local,iProspect Carlsberg Global Team,,,,
Rock FM,Rock FM,Rock FM,Local,iProspect Carlsberg Global Team,,,,
Rogers,Rogers,Rogers,Local,iProspect Carlsberg Global Team,,,,
Rojaklah,Rojaklah,Rojaklah,Local,iProspect Carlsberg Global Team,,,,
Rotana,Rotana,Rotana,Local,iProspect Carlsberg Global Team,,,,
RTB House Poland,RTB House Poland,RTB House Poland,Local,iProspect Carlsberg Global Team,,,,
RTCG,RTCG,RTCG,Local,iProspect Carlsberg Global Team,,,,
RTL,RTL,RTL,Local,iProspect Carlsberg Global Team,,,,
RTL 9,RTL,RTL,Local,iProspect Carlsberg Global Team,,please update vendor to cleaned vendor name,,
RTL Ad Alliance,RTL,RTL,Local,iProspect Carlsberg Global Team,,please update vendor to cleaned vendor name,,
RTL Hrvatska d.o.o.,RTL,RTL,Local,iProspect Carlsberg Global Team,,please update vendor to cleaned vendor name,,
RTL2,RTL,RTL,Local,iProspect Carlsberg Global Team,,please update vendor to cleaned vendor name,,
RTS 1,RTS 1,RTS 1,Local,iProspect Carlsberg Global Team,,,,
Runners world,Runners world,Runners world,Local,iProspect Carlsberg Global Team,,,,
Ruutu,Ruutu,Ruutu,Local,iProspect Carlsberg Global Team,,,,
Sales Contact Kft,Sales Contact Kft,Sales Contact Kft,Local,iProspect Carlsberg Global Team,,please check vendor name with markets and clean accordingly,,
SambaTV,SambaTV,SambaTV,Global,iProspect Carlsberg Global Team,,,,
Sanoma Media,Sanoma Media,Sanoma Media,Local,iProspect Carlsberg Global Team,,,,
Sanoma Media Print,Sanoma Media,Sanoma Media,Local,iProspect Carlsberg Global Team,,please update vendor to cleaned vendor name,,
Santa,Santa,Santa,Local,iProspect Carlsberg Global Team,,,,
Sarigato,Sarigato,Sarigato,Local,iProspect Carlsberg Global Team,,,,
Says.my,Says.my,Says.my,Local,iProspect Carlsberg Global Team,,,,
SC USA Division,SC USA Division,SC USA Division,Local,iProspect Carlsberg Global Team,,,,
Schibsted,Schibsted,Schibsted,Local,iProspect Carlsberg Global Team,,,,
Schibstedt Digitalt nätverk,Schibsted,Schibsted,Local,iProspect Carlsberg Global Team,,please update vendor to cleaned vendor name,,
Schibstedt Digitalt nätverk (olv),Schibsted,Schibsted,Local,iProspect Carlsberg Global Team,,please update vendor to cleaned vendor name,,
Schwarz,Schwarz,Schwarz,Local,iProspect Carlsberg Global Team,,,,
SCHWARZ AW,Schwarz,Schwarz,Local,iProspect Carlsberg Global Team,,please update vendor to cleaned vendor name,,
Sci,Sci,Sci,Local,iProspect Carlsberg Global Team,,,,
Screen Network,Screen Network,Screen Network,Local,iProspect Carlsberg Global Team,,,,
Screen7,Screen7,Screen7,Local,iProspect Carlsberg Global Team,,,,
Se og Hør,Se og Hør,Se og Hør,Local,iProspect Carlsberg Global Team,,,,
SeenThis,SeenThis,SeenThis,Local,iProspect Carlsberg Global Team,,,,
Select Media,Select Media,Select Media,Local,iProspect Carlsberg Global Team,,,,
SERIE CLUB,SERIE CLUB,SERIE CLUB,Local,iProspect Carlsberg Global Team,,,,
Setanta Sports,Setanta Sports,Setanta Sports,Local,iProspect Carlsberg Global Team,,,,
SGL,SGL,SGL,Local,iProspect Carlsberg Global Team,,,,
Shahid,Shahid,Shahid,Local,iProspect Carlsberg Global Team,,,,
Shanghai Maihao Advertising,Shanghai Maihao Advertising,Shanghai Maihao Advertising,Local,iProspect Carlsberg Global Team,,,,
SHBB,SHBB,SHBB,Local,iProspect Carlsberg Global Team,,,,
Shengrui,Shengrui,Shengrui,Local,iProspect Carlsberg Global Team,,,,
SHLY,SHLY,SHLY,Local,iProspect Carlsberg Global Team,,,,
Shopee,Shopee,Shopee,Local,iProspect Carlsberg Global Team,,,,
SILVANEON S.R.L.,SILVANEON S.R.L.,SILVANEON S.R.L.,Local,iProspect Carlsberg Global Team,,,,
Silver Push,Silver Push,Silver Push,Local,iProspect Carlsberg Global Team,,,,
Sin Chew Daily,Sin Chew Daily,Sin Chew Daily,Local,iProspect Carlsberg Global Team,,,,
Sing Tao,Sing Tao,Sing Tao,Local,iProspect Carlsberg Global Team,,,,
Sjuan,Sjuan,Sjuan,Local,iProspect Carlsberg Global Team,,,,
skaitv.gr,skaitv.gr,skaitv.gr,Local,iProspect Carlsberg Global Team,,,,
SkipAD,SkipAD,SkipAD,Local,iProspect Carlsberg Global Team,,,,
SKN9,SKN9,SKN9,Local,iProspect Carlsberg Global Team,,,,
Sköna Hem,Sköna Hem,Sköna Hem,Local,iProspect Carlsberg Global Team,,,,
Skonto,Skonto,Skonto,Local,iProspect Carlsberg Global Team,,,,
Sky,Sky,Sky,Global,iProspect Carlsberg Global Team,,,,
SKYMEDIA,Sky,Sky,Global,iProspect Carlsberg Global Team,,please update vendor to cleaned vendor name,,
SkyBoard,SkyBoard,SkyBoard,Local,iProspect Carlsberg Global Team,,,,
Skyrock,Skyrock,Skyrock,Local,iProspect Carlsberg Global Team,,,,
Skyworth,Skyworth,Skyworth,Local,iProspect Carlsberg Global Team,,,,
Smartbee,Smartbee,Smartbee,Local,iProspect Carlsberg Global Team,,,,
SMM,SMM,SMM,Local,iProspect Carlsberg Global Team,,,,
SMR,SMR,SMR,Local,iProspect Carlsberg Global Team,,,,
Snapchat,Snapchat,Snapchat,Global,iProspect Carlsberg Global Team,,,,
So Foot,So Foot,So Foot,Local,iProspect Carlsberg Global Team,,,,
Sobors,Sobors,Sobors,Local,iProspect Carlsberg Global Team,,,,
Social KOL,Social KOL,Social KOL,Local,iProspect Carlsberg Global Team,,please have markets fix vendor name; markets need to specify a vendor,,
Social Playground,Social Playground,Social Playground,Local,iProspect Carlsberg Global Team,,,,
SOCIAL VIDEO LAB,SOCIAL VIDEO LAB,SOCIAL VIDEO LAB,Local,iProspect Carlsberg Global Team,,please have markets fix vendor name; markets need to specify a vendor,,
Sohu,Sohu,Sohu,Local,iProspect Carlsberg Global Team,,,,
Soundvenue,Soundvenue,Soundvenue,Local,iProspect Carlsberg Global Team,,,,
SP Outdoor,SP Outdoor,SP Outdoor,Local,iProspect Carlsberg Global Team,,,,
SPACE,SPACE,SPACE,Local,iProspect Carlsberg Global Team,,please check vendor name with markets and clean accordingly,,
Splash Media,Splash Media,Splash Media,Local,iProspect Carlsberg Global Team,,,,
Sport Pack Admixer,Sport Pack Admixer,Sport Pack Admixer,Local,iProspect Carlsberg Global Team,,,,
sportacentrs.com,sportacentrs.com,sportacentrs.com,Local,iProspect Carlsberg Global Team,,,,
Sportal Media group,Sportal Media group,Sportal Media group,Local,iProspect Carlsberg Global Team,,,,
Spotify,Spotify,Spotify,Global,iProspect Carlsberg Global Team,,,,
Stailamedia,Stailamedia,Stailamedia,Local,iProspect Carlsberg Global Team,,,,
Standard TV,Standard TV,Standard TV,Local,iProspect Carlsberg Global Team,,please have markets fix vendor name; markets need to specify a vendor,,
Star,Star,Star,Local,iProspect Carlsberg Global Team,,,,
STAR Crime,Star,Star,Local,iProspect Carlsberg Global Team,,please update vendor to cleaned vendor name,,
STAR Life,Star,Star,Local,iProspect Carlsberg Global Team,,please update vendor to cleaned vendor name,,
Star Movies,Star,Star,Local,iProspect Carlsberg Global Team,,please update vendor to cleaned vendor name,,
Star RFM Sdn. Bhd.,Star,Star,Local,iProspect Carlsberg Global Team,,please update vendor to cleaned vendor name,,
Star.gr,Star,Star,Local,iProspect Carlsberg Global Team,,please update vendor to cleaned vendor name,,
StarFM,Star,Star,Local,iProspect Carlsberg Global Team,,please update vendor to cleaned vendor name,,
Stellar Lifestyle,Stellar Lifestyle,Stellar Lifestyle,Local,iProspect Carlsberg Global Team,,,,
StellarAce,StellarAce,StellarAce,Local,iProspect Carlsberg Global Team,,,,
Streetkitchen,Streetkitchen,Streetkitchen,Local,iProspect Carlsberg Global Team,,,,
Stroeer,Ströer,Ströer,Local,iProspect Carlsberg Global Team,,please update vendor to cleaned vendor name,,
Ströer,Ströer,Ströer,Local,iProspect Carlsberg Global Team,,,,
STRÖER POLSKA,Ströer,Ströer,Local,iProspect Carlsberg Global Team,,please update vendor to cleaned vendor name,,
Sub,Sub,Sub,Local,iProspect Carlsberg Global Team,,,,
Sub TV,Sub,Sub,Local,iProspect Carlsberg Global Team,,please update vendor to cleaned vendor name,,
Super Star TV,Super Star TV,Super Star TV,Local,iProspect Carlsberg Global Team,,please check vendor name with markets and clean accordingly,,
SvD Perfect Guide,SvD Perfect Guide,SvD,Local,iProspect Carlsberg Global Team,,,,
svd.se,svd.se,SvD,Local,iProspect Carlsberg Global Team,,,,
Svenska Dagbladet,Svenska Dagbladet,Svenska Dagbladet,Local,iProspect Carlsberg Global Team,,,,
SWH,SWH,SWH,Local,iProspect Carlsberg Global Team,,,,
"Taigi Tie, MB","Taigi Tie, MB","Taigi Tie, MB",Local,iProspect Carlsberg Global Team,,,,
Tan Tan News,Tan Tan News,Tan Tan News,Local,iProspect Carlsberg Global Team,,,,
tanea.gr,tanea.gr,tanea.gr,Local,iProspect Carlsberg Global Team,,,,
Tara,Tara,Tara,Local,iProspect Carlsberg Global Team,,,,
TCL,TCL,TCL,Local,iProspect Carlsberg Global Team,,please check vendor name with markets and clean accordingly,,
Teads,Teads,Teads,Global,iProspect Carlsberg Global Team,,,,
Teads Poland,Teads,Teads,Global,iProspect Carlsberg Global Team,,please update vendor to cleaned vendor name,,
Tech,Tech,Tech,Local,iProspect Carlsberg Global Team,,please have markets fix vendor name; markets need to specify a vendor,,
Technikart,Technikart,Technikart,Local,iProspect Carlsberg Global Team,,,,
telegraf.rs,telegraf.rs,telegraf.rs,Local,iProspect Carlsberg Global Team,,,,
Telegram media grupa d.o.o.,Telegram Media Group,Telegram Media Group,Local,iProspect Carlsberg Global Team,,please update vendor to cleaned vendor name,,
Tecent Video,Tencent,Tencent,Global,iProspect Carlsberg Global Team,,please update vendor to cleaned vendor name,,
Tencent,Tencent,Tencent,Global,iProspect Carlsberg Global Team,,,,
Tencent News,Tencent,Tencent,Global,iProspect Carlsberg Global Team,,please update vendor to cleaned vendor name,,
Tencent Video,Tencent,Tencent,Global,iProspect Carlsberg Global Team,,please update vendor to cleaned vendor name,,
TESCO,Tesco,Tesco,Local,iProspect Carlsberg Global Team,,please update vendor to cleaned vendor name,,
Teva,Teva,Teva,Local,iProspect Carlsberg Global Team,,,,
TF1,TF1,TF1,Local,iProspect Carlsberg Global Team,,,,
TF1 SERIES FILMS,TF1,TF1,Local,iProspect Carlsberg Global Team,,please update vendor to cleaned vendor name,,
TF1+ TF1,TF1,TF1,Local,iProspect Carlsberg Global Team,,please update vendor to cleaned vendor name,,
TF1+ TNT1,TF1,TF1,Local,iProspect Carlsberg Global Team,,please update vendor to cleaned vendor name,,
TFX,TFX,TFX,Local,iProspect Carlsberg Global Team,,,,
The BC,The BC,The BC,Local,iProspect Carlsberg Global Team,,,,
The Golf Channel,The Golf Channel,The Golf Channel,Local,iProspect Carlsberg Global Team,,,,
The Rakyat Post,The Rakyat Post,The Rakyat Post,Local,iProspect Carlsberg Global Team,,,,
The Star,The Star,The Star,Local,iProspect Carlsberg Global Team,,,,
The Sun,The Sun,The Sun,Local,iProspect Carlsberg Global Team,,,,
The Trade Desk,The Trade Desk,The Trade Desk,Global,iProspect Carlsberg Global Team,,,,
TheScore,TheScore,TheScore,Local,iProspect Carlsberg Global Team,,,,
Tian Long,Tian Long,Tian Long,Local,iProspect Carlsberg Global Team,,,,
TikTok,TikTok,Douyin,Global,iProspect Carlsberg Global Team,,,,
TIKTOK INC.,TikTok,Douyin,Global,iProspect Carlsberg Global Team,,please update vendor to cleaned vendor name,,
Time,Time,Time,Local,iProspect Carlsberg Global Team,,,,
TIME OUT,Time Out,Time Out,Global,iProspect Carlsberg Global Team,,,,
Tinder,Tinder,Tinder,Global,iProspect Carlsberg Global Team,,,,
TMC,TMC,TMC,Local,iProspect Carlsberg Global Team,,,,
ToiDuman,ToiDuman,ToiDuman,Local,iProspect Carlsberg Global Team,,,,
Toutiao,Toutiao,Toutiao,Local,iProspect Carlsberg Global Team,,,,
tovima.gr,tovima.gr,tovima.gr,Local,iProspect Carlsberg Global Team,,,,
Towntalker,Towntalker,Towntalker,Local,iProspect Carlsberg Global Team,,,,
Tribune Company,Tribune Company,Tribune Company,Local,iProspect Carlsberg Global Team,,,,
Trifid,Trifid,Trifid,Local,iProspect Carlsberg Global Team,,,,
TSH,TSH,TSH,Local,iProspect Carlsberg Global Team,,,,
TTD,TTD,TTD,Local,iProspect Carlsberg Global Team,,,,
Turnadon,Turnadon,Turnadon,Local,iProspect Carlsberg Global Team,,,,
TV BREIZH,TV BREIZH,TV BREIZH,Local,iProspect Carlsberg Global Team,,,,
TV Net Sport,TV Net Sport,TV Net Sport,Local,iProspect Carlsberg Global Team,,,,
TV Vijesti,TV Vijesti,TV Vijesti,Local,iProspect Carlsberg Global Team,,,,
TV2,TV2,TV2,Local,iProspect Carlsberg Global Team,,,,
TV2 Danmark,TV2,TV2,Local,iProspect Carlsberg Global Team,,please update vendor to cleaned vendor name,,
TV2 News,TV2,TV2,Local,iProspect Carlsberg Global Team,,please update vendor to cleaned vendor name,,
TV2 Play,TV2,TV2,Local,iProspect Carlsberg Global Team,,please update vendor to cleaned vendor name,,
TV2.dk,TV2,TV2,Local,iProspect Carlsberg Global Team,,please update vendor to cleaned vendor name,,
TV2.no,TV2,TV2,Local,iProspect Carlsberg Global Team,,please update vendor to cleaned vendor name,,
TV3,TV3,TV3,Local,iProspect Carlsberg Global Team,,,,
TV3 Play,TV3,TV3,Local,iProspect Carlsberg Global Team,,please update vendor to cleaned vendor name,,
TV3 TV6 TV8 (RBS),TV3,TV3,Local,iProspect Carlsberg Global Team,,please update vendor to cleaned vendor name,,
Tv3.dk,TV3,TV3,Local,iProspect Carlsberg Global Team,,please update vendor to cleaned vendor name,,
tv3.lt,TV3,TV3,Local,iProspect Carlsberg Global Team,,please update vendor to cleaned vendor name,,
Tv3Play.lv,TV3,TV3,Local,iProspect Carlsberg Global Team,,please update vendor to cleaned vendor name,,
TV4,TV4,TV4,Local,iProspect Carlsberg Global Team,,,,
TV4 AB,TV4,TV4,Local,iProspect Carlsberg Global Team,,please update vendor to cleaned vendor name,,
TV4 AB PlayTV / Digital,TV4,TV4,Local,iProspect Carlsberg Global Team,,please update vendor to cleaned vendor name,,
TV4 gruppen paket,TV4,TV4,Local,iProspect Carlsberg Global Team,,please update vendor to cleaned vendor name,,
TV4 PLAY,TV4,TV4,Local,iProspect Carlsberg Global Team,,please update vendor to cleaned vendor name,,
TV6,TV6,TV6,Local,iProspect Carlsberg Global Team,,,,
Två Dagar,Två Dagar,Två Dagar,Local,iProspect Carlsberg Global Team,,,,
TVING,TVING,TVING,Local,iProspect Carlsberg Global Team,,,,
TVN,TVN,TVN,Local,iProspect Carlsberg Global Team,,,,
TVN Media,TVN,TVN,Local,iProspect Carlsberg Global Team,,please update vendor to cleaned vendor name,,
Tvnet.lv,Tvnet.lv,Tvnet.lv,Local,iProspect Carlsberg Global Team,,,,
tvopen.gr,tvopen.gr,tvopen.gr,Local,iProspect Carlsberg Global Team,,,,
TVP,TVP,TVP,Local,iProspect Carlsberg Global Team,,,,
Unlimitail,Unlimitail,Unlimitail,Local,iProspect Carlsberg Global Team,,,,
Urban Vision,Urban Vision,Urban Vision,Local,iProspect Carlsberg Global Team,,,,
Urbano ogla_avanje,Urbano oglasavanje,Urbano oglasavanje,Local,iProspect Carlsberg Global Team,,,,
USHUAIA TV,USHUAIA TV,USHUAIA TV,Local,iProspect Carlsberg Global Team,,,,
Utemagasinet,Utemagasinet,Utemagasinet,Local,iProspect Carlsberg Global Team,,,,
Van Másik Zrt.,Van Másik Zrt.,Van Másik Zrt.,Local,iProspect Carlsberg Global Team,,,,
Vecernje novosti - Zivot plus,Vecernje novosti - Zivot plus,Vecernje novosti - Zivot plus,Local,iProspect Carlsberg Global Team,,,,
VeoVee,VeoVee,VeoVee,Local,iProspect Carlsberg Global Team,,,,
Vesti TV,Vesti TV,Vesti TV,Local,iProspect Carlsberg Global Team,,,,
VGI,VGI,VGI,Local,iProspect Carlsberg Global Team,,,,
Via play group,Viaplay,Viaplay,Global,iProspect Carlsberg Global Team,,please update vendor to cleaned vendor name,,
Viaplay,Viaplay,Viaplay,Global,iProspect Carlsberg Global Team,,,,
Viaplay Group Bundle,Viaplay,Viaplay,Global,iProspect Carlsberg Global Team,,please update vendor to cleaned vendor name,,
Viaplay radio,Viaplay,Viaplay,Global,iProspect Carlsberg Global Team,,please update vendor to cleaned vendor name,,
Viber,Viber,Viber,Local,iProspect Carlsberg Global Team,,,,
Videography (BFW),Videography (BFW),Videography (BFW),Local,iProspect Carlsberg Global Team,,,,
VieOn,VieOn,VieOn,Local,iProspect Carlsberg Global Team,,,,
Viettel,Viettel,Viettel,Local,iProspect Carlsberg Global Team,,,,
Vijesti.me,Vijesti.me,Vijesti.me,Local,iProspect Carlsberg Global Team,,,,
Vimagazino,Vimagazino,Vimagazino,Local,iProspect Carlsberg Global Team,,,,
Vinsider,Vinsider,Vinsider,Local,iProspect Carlsberg Global Team,,,,
ViralCham,ViralCham,ViralCham,Local,iProspect Carlsberg Global Team,,,,
Vistar Media,Vistar Media,Vistar Media,Local,iProspect Carlsberg Global Team,,,,
Visual Media,Visual Media,Visual Media,Local,iProspect Carlsberg Global Team,,,,
Vivotech,Visual Media,Visual Media,Local,iProspect Carlsberg Global Team,,,,
Viu,Viu,Viu,Local,iProspect Carlsberg Global Team,,,,
ViuTV,Viu,Viu,Local,iProspect Carlsberg Global Team,,please update vendor to cleaned vendor name,,
VOGUE,VOGUE,VOGUE,Global,iProspect Carlsberg Global Team,,,,
Vox komunikacije,Vox komunikacije,Vox komunikacije,Local,iProspect Carlsberg Global Team,,,,
Vpon,Vpon,Vpon,Local,iProspect Carlsberg Global Team,,,,
Warner Bros Discovery,Warner Bros Discovery,Discovery,Global,iProspect Carlsberg Global Team,,,,
Warner Bros. Discovery,Warner Bros Discovery,Discovery,Global,iProspect Carlsberg Global Team,,please update vendor to cleaned vendor name,,
Warner Bros. Discovery Bundle,Warner Bros Discovery,Discovery,Global,iProspect Carlsberg Global Team,,please update vendor to cleaned vendor name,,
WBD TV,WBD TV,WBD TV,Local,iProspect Carlsberg Global Team,,,,
We are era,We are era,We are era,Local,iProspect Carlsberg Global Team,,,,
We Love Media,We Love Media,We Love Media,Local,iProspect Carlsberg Global Team,,,,
WeChat,WeChat,WeChat,Global,iProspect Carlsberg Global Team,,,,
Weekend Weekly,Weekend Weekly,Weekend Weekly,Local,iProspect Carlsberg Global Team,,,,
Weibo,Weibo,Weibo,Global,iProspect Carlsberg Global Team,,,,
Wetransfer,Wetransfer,Wetransfer,Global,iProspect Carlsberg Global Team,,,,
WeTV,WeTV,WeTV,Local,iProspect Carlsberg Global Team,,,,
Wirtualna Polska,Wirtualna Polska,Wirtualna Polska,Local,iProspect Carlsberg Global Team,,,,
Wirtualna Polska Media,Wirtualna Polska,Wirtualna Polska,Local,iProspect Carlsberg Global Team,,please update vendor to cleaned vendor name,,
Wolt,Wolt,Wolt,Local,iProspect Carlsberg Global Team,,,,
Wonderus,Wonderus,Wonderus,Local,iProspect Carlsberg Global Team,,,,
Wyborcza,Wyborcza,Wyborcza,Local,iProspect Carlsberg Global Team,,,,
XAZAR,XAZAR,XAZAR,Local,iProspect Carlsberg Global Team,,,,
Xezer,Xezer,Xezer,Local,iProspect Carlsberg Global Team,,,,
XEZER 103 FM,Xezer,Xezer,Local,iProspect Carlsberg Global Team,,please update vendor to cleaned vendor name,,
Little red book,Xiaohongshu,Xiaohongshu,Global,iProspect Carlsberg Global Team,,please update vendor to cleaned vendor name,,
Red,Xiaohongshu,Xiaohongshu,Global,iProspect Carlsberg Global Team,,please update vendor to cleaned vendor name,,
xiaomi,xiaomi,xiaomi,Local,iProspect Carlsberg Global Team,,,,
Yandex,Yandex,Yandex,Local,iProspect Carlsberg Global Team,,,,
Yandex GEO,Yandex,Yandex,Local,iProspect Carlsberg Global Team,,please update vendor to cleaned vendor name,,
Yandex Taxi,Yandex,Yandex,Local,iProspect Carlsberg Global Team,,please update vendor to cleaned vendor name,,
Ykkösmedia,Ykkösmedia,Ykkösmedia,Local,iProspect Carlsberg Global Team,,,,
YOC Poland,YOC Poland,YOC Poland,Local,iProspect Carlsberg Global Team,,,,
Youdao,Youdao,Youdao,Local,iProspect Carlsberg Global Team,,,,
Youku,Youku,Youku,Local,iProspect Carlsberg Global Team,,,,
Yuancheng Advertising,Yuancheng Advertising,Yuancheng Advertising,Local,iProspect Carlsberg Global Team,,,,
ZAGREB PLAKAT d.o.o,ZAGREB PLAKAT d.o.o,ZAGREB PLAKAT d.o.o,Local,iProspect Carlsberg Global Team,,,,
Zattoo,Zattoo,Zattoo,Local,iProspect Carlsberg Global Team,,,,
Zhihu,Zhihu,Zhihu,Local,iProspect Carlsberg Global Team,,,,
Zip FM,Zip FM,Zip FM,Local,iProspect Carlsberg Global Team,,,,
_mon_s,Zmones,Zmones,Local,iProspect Carlsberg Global Team,,,,
ZOO GYM TV,Zoo Gym TV,Zoo Gym TV,Local,iProspect Carlsberg Global Team,,please update vendor to cleaned vendor name,,
Zoom Media,Zoom Media,Zoom Media,Local,iProspect Carlsberg Global Team,,,,